,어린이집명,주소,위도,경도
0,e편한세상어린이집,"전라북도 전주시 완산구 여울로 161 관리동(서신동, e편한세상)",35.8395302,127.1069101
1,NPS국민연금어린이집,전라북도 전주시 덕진구 기지로 180,35.83766110000001,127.0717575
2,SK뷰 생글어린이집,"전라북도 전주시 완산구 태평2길 22 관리동(태평동, 태평SKVIEW)",35.824693,127.1395013
3,가나어린이집,전라북도 전주시 덕진구 안덕원1길 41 (우아동3가),35.8398375,127.1658511
4,가람어린이집,전라북도 전주시 완산구 정동길 1-8 (삼천동2가),35.7824374,127.103326
5,가온길어린이집,전라북도 전주시 덕진구 견훤왕궁로 251 (인후동2가) 1524-29,35.8408856,127.1456392
6,가온어린이집,"전라북도 전주시 덕진구 천마산로 100 109동 103호(송천동1가, 진흥더블파크)",35.863938,127.1323515
7,가은어린이집,"전라북도 전주시 완산구 삼천천변1길 46 관리동(삼천동1가, 흥건삼천1차)",35.7943862,127.1158865
8,개구쟁이어린이집,전라북도 전주시 완산구 하거마4길 16 (삼천동1가),35.7952911,127.1185901
9,거북이어린이집,"전라북도 전주시 덕진구 호성동1가 호성로 40 105동 105호(호성동1가,엘지동아)",35.8554673,127.1518882
10,고감도어린이집,전라북도 전주시 완산구 양지2길 5 (평화동2가),35.7926058,127.1234796
11,고운손가정어린이집,"전라북도 전주시 덕진구 솔내로 142 102동 107호(송천동1가, 송천신일)",35.862437,127.127922
12,고운엄마품어린이집,"전라북도 전주시 완산구 거마평로 109 102동 101호(효자동1가, 제일효자)",35.8015565,127.1149765
13,고운하늘어린이집,"전라북도 전주시 덕진구 무삼지로 32 203동 104호(인후동1가, 인후꿈마을부영2차아파트)",35.829804,127.1648598
14,곤지곤지어린이집,"전라북도 전주시 완산구 평화로 100 213동 104호(평화동2가, 주공그린2단지)",35.7848347,127.1349762
15,골드키즈어린이집,"전라북도 전주시 덕진구 만성로 181 109동 103호(만성동, 골드클래스)",35.8396347,127.0800343
16,골든팰리스어린이집,"전라북도 전주시 완산구 호암로 40 관리동(효자동2가, 골든팰리스휴먼시아)",35.8085729,127.099382
17,광명어린이집,전라북도 전주시 덕진구 솔내7길 39-2,35.8597747,127.1258276
18,광민어린이집,전라북도 전주시 완산구 중산1길 12-4 (중화산동2가),35.81478550000001,127.1194436
19,교동원광어린이집,전라북도 전주시 완산구 오목대길 76 (교동),35.8131835,127.1519883
20,국민연금어린이집,전라북도 전주시 완산구 온고을로 13 (서신동),35.8333833,127.1217053
21,굿모닝어린이집,전라북도 전주시 완산구 소대배기로 18-28 (평화동2가),35.7867493,127.1315803
22,궁전아가어린이집,"전라북도 전주시 덕진구 백동5길 28 나동 201호(인후동2가, 한양운남아파트)",35.848607,127.150083
23,귀염둥이어린이집,"전라북도 전주시 덕진구 송천로 31 101동 103호(송천동1가, 서호1차아파트)",35.85563339999999,127.1180025
24,그린별어린이집,"전라북도 전주시 완산구 영경1길 25 103동 101호(중화산동2가, 우성근영타운)",35.8185824,127.1256694
25,그린어린이집,전라북도 전주시 덕진구 용신길 19-3,35.875744,127.0609937
26,그린예꿈어린이집,"전라북도 전주시 완산구 평화로 100 관리동(평화동2가, 주공그린2단지)",35.7848347,127.1349762
27,그림나라어린이집,전라북도 전주시 덕진구 와룡2길 5 그림나라 어린이집,35.8659793,127.1137886
28,금모래숲속어린이집,"전라북도 전주시 완산구 평화동2가 양지3길 25 103동 101호(평화동2가,평화엠코타운)",35.78946240000001,127.1195726
29,금빛또래어린이집,"전라북도 전주시 완산구 백제대로 31 6동 107호(삼천동1가, 신일)",35.79708660000001,127.1296092
30,금상어린이집,전라북도 전주시 덕진구 삼거2길 4 (금상동),35.8534334,127.1905844
31,금호리베폴어린이집,전라북도 전주시 완산구 효자동1가 효동3길 33 6동 105호(금호아파트),35.803231,127.1304168
32,까르르어린이집,"전라북도 전주시 완산구 양지1길 16-3 101동 101호(평화동2가, 두산푸른솔)",35.7908356,127.1185319
33,꺼야마을어린이집,전라북도 전주시 완산구 중인1길 134-17 (중인동),35.7680992,127.0944041
34,꼬꼬마어린이집,"전라북도 전주시 덕진구 시천로 29-30 104동 101호(송천동1가, 한양)",35.8607886,127.1129141
35,꼬마EQ어린이집,"전라북도 전주시 덕진구 인후동1가 한배미로 5 101동 101호(인후동1가,아중마을아남아파트)",35.8257489,127.1672764
36,꼬마꿈어린이집,전라북도 전주시 완산구 하거마6길 14-4 (삼천동1가),35.7971755,127.1187928
37,꼬마대통령어린이집,"전라북도 전주시 완산구 평화동2가 평화로 95 102동 101호(평화동2가, 호반리젠시빌)",35.78564009999999,127.1323649
38,꼬마들세상 어린이집,"전라북도 전주시 완산구 덕적골1길 14 나동 101호(평화동1가, 극동)",35.7965073,127.1381463
39,꼬마또래어린이집,"전라북도 전주시 완산구 거마평로 125 102동 103호(효자동1가, 상산타운)",35.8032785,127.1151986
40,꼬마또래어린이집,전라북도 전주시 덕진구 백동5길 19 (인후동2가),35.8476717,127.1499043
41,꼬마랑어린이집,"전라북도 전주시 덕진구 한배미로 33 502동 108호(인후동1가, 부영5차아파트)",35.8249157,127.1692207
42,꼬마벼리어린이집,"전라북도 전주시 완산구 새터로 74 103동 108호(서신동, 중흥)",35.834747,127.1146145
43,꼬마별어린이집,"전라북도 전주시 덕진구 반월5길 8 103동 101호(반월동, 삼오아파트)",35.8734719,127.0691055
44,꼬마삐삐어린이집,"전라북도 전주시 완산구 당산로 11 601동 103호(서신동, 서신쌍용)",35.8316841,127.111485
45,꼬마세상어린이집,전라북도 전주시 덕진구 쪽구름로 19 제일아파트 관리동내,35.8604106,127.1155582
46,꼬마숲나라어린이집,"전라북도 전주시 완산구 흑석로 31 102동 103호(서서학동, 신용고궁맨션)",35.8013349,127.150973
47,꼬마숲어린이집,"전라북도 전주시 덕진구 송천동2가 천마산로 115 201동 103호(송천동2가, 한라비발디2단지아파트)",35.8654381,127.1347229
48,꼬마스타어린이집,전라북도 전주시 완산구 효자동2가 소태정4길 23-4 (효자동2가),35.8130874,127.1071045
49,꼬마요정어린이집,"전라북도 전주시 덕진구 호성로 132 103동 101호(호성동1가, 진흥더블파크1단지)",35.8620221,127.149055
50,꼬마짱어린이집,"전라북도 전주시 덕진구 두간6길 7 103동 106호(송천동1가, 케이제이라미안)",35.8625093,127.1262172
51,꼬마천사가정어린이집,"전라북도 전주시 덕진구 안덕원로 251 103동 101호(인후동1가, 인후동한신휴플러스)",35.8326849,127.1471289
52,꼬미꼬미어린이집,전라북도 전주시 덕진구 인후동1가 석소로 55 현대아파트 관리동내,35.8318654,127.1645335
53,꽃가람어린이집,"전라북도 전주시 덕진구 오공로 70 102동 101호(중동, 우미린 1차)",35.8355499,127.1417709
54,꽃들어린이집,"전라북도 전주시 덕진구 와룡로 42 204동 103호(송천동2가, 쌍용2차)",35.8630769,127.112614
55,꽃사슴어린이집,"전라북도 전주시 덕진구 송천동2가 와룡2길 7 103동 105호(송천동2가, 솔내마을동아)",35.8658173,127.113303
56,꽃잔디어린이집,"전라북도 전주시 완산구 당산로 101 108동 102호(서신동, 서신동아아파트)",35.8328929,127.1178789
57,꿈꾸는어린이집,"전라북도 전주시 완산구 당산로 34 102동 106호(서신동, 비사벌)",35.8316841,127.111485
58,꿈나래어린이집,전라북도 전주시 완산구 전룡5길 24-14 (서신동),35.8272255,127.1212021
59,꿈동이어린이집,전라북도 전주시 덕진구 사근1길 11 현대3차 309/108 꿈동이어린이집,35.8670852,127.1288189
60,꿈망울어린이집,"전라북도 전주시 완산구 소대배기로 33 관리동(평화동2가, 현대)",35.7874956,127.1335843
61,꿈별어린이집,"전라북도 전주시 완산구 서곡로 34 103동 103호(효자동3가, 청솔)",35.8317748,127.0995882
62,꿈사랑어린이나라어린이집,전라북도 전주시 완산구 화산천변3길 15-5 (중화산동2가),35.8200531,127.1147155
63,꿈샘어린이집,"전라북도 전주시 완산구 덕적골1길 33 103동 106호(평화동1가, 한성)",35.7948587,127.1401521
64,꿈속어린이집,"전라북도 전주시 완산구 평화동2가 맏내1길 5 102동 104호(평화동2가, 우성신성타운A)",35.790277,127.1305784
65,꿈에그린어린이집,"전라북도 전주시 완산구 구이로 2094 단지내(평화동2가, 평화주공그린타운)",35.78417,127.1313087
66,꿈오름 어린이집,"전라북도 전주시 완산구 솟대로 10 5동 108호(삼천동1가, 우성아파트)",35.7951686,127.127281
67,꿈이있는어린이집,"전라북도 전주시 완산구 평화로 181 7동 103호(평화동1가, 코오롱)",35.79326289999999,127.1350594
68,꿈이크는어린이집,전라북도 전주시 덕진구 송천동1가 솔내2길 73,35.8579462,127.1243784
69,꿈초롱어린이집,"전라북도 전주시 덕진구 쪽구름로 19 102동 102호(여의동, 제일)",35.8675562,127.0776975
70,나래어린이집,"전라북도 전주시 완산구 온고을로 119 105동 102호(서신동, 신일)",35.8326974,127.1094567
71,나래울어린이집,전라북도 전주시 덕진구 쪽구름5길 43-7 동산동골드클래스아파트 보육시설,35.8756922,127.0794841
72,나무숲어린이집,전라북도 전주시 완산구 용호로 147 (효자동3가),35.8162863,127.0968638
73,나은어린이집,"전라북도 전주시 덕진구 석소로 77 109동 104호(인후동1가, 아중대우1차아파트)",35.8337757,127.1662763
74,남복원광어린이집,전라북도 전주시 완산구 평화6길 22 (평화동2가),35.7885366,127.1328352
75,남양사랑나무어린이집,전라북도 전주시 덕진구 팔복동2가 팔복1길 6 남양아파트 관리동 2층,35.8478886,127.1044507
76,노리숲어린이집,"전라북도 전주시 완산구 삼천동1가 강변로 98 102동 102호(삼천동1가, 신일강변)",35.7995567,127.1127267
77,노리키즈어린이집,"전라북도 전주시 덕진구 덕진동2가 가리내6길 10-5 (덕진동2가, 664-5)",35.845174,127.1104398
78,노아어린이집,"전라북도 전주시 완산구 안행2길 26 104동 104호(효자동1가, 대림)",35.8025844,127.1286418
79,농촌진흥청어린이집,전라북도 전주시 덕진구 농생명로 300-1 (중동) 농촌진흥청,35.835522,127.0648238
80,늘푸른동산어린이집,"전라북도 전주시 완산구 따박골로 11 2동 110호(중화산동2가, 거성그린맨션)",35.810103,127.1242267
81,늘푸른어린이집,"전라북도 전주시 덕진구 천마산로 33 207동 104호(송천동2가, 송천주공2차아파트)",35.864882,127.126057
82,늘픔어린이집,전라북도 전주시 완산구 어은로 33-3 (중화산동2가),35.8174041,127.1262834
83,늘행복한어린이집,"전라북도 전주시 덕진구 한배미로 33 505동 107호(인후동1가, 아중마을부영5차아파트)",35.8249157,127.1692207
84,다온어린이집,전라북도 전주시 덕진구 숲정이2길 14 (진북동),35.8296515,127.1308187
85,다정어린이집,"전라북도 전주시 완산구 삼천천변3길 20 101동 105호(삼천동1가, 호반리젠시빌)",35.7973625,127.1116158
86,다지가정어린이집,"전라북도 전주시 덕진구 가리내로 550 107동 107호(송천동1가, 한양아파트)",35.8607994,127.1130862
87,대자인병원어린이집,전라북도 전주시 덕진구 우아동3가 도당산1길 21-1,35.845417,127.1539168
88,대창가정어린이집,"전라북도 전주시 완산구 새터로 100 104동 104호(서신동, 대우대창)",35.8348645,127.1184282
89,더블파크 어린이집,"전라북도 전주시 덕진구 호성동2가 호성로 170 312/102 (호성동2가, 진흥더블파크)",35.8660771,127.1456385
90,더샵키즈어린이집,전라북도 전주시 덕진구 송천동2가 세병로 175 1005동 104호(에코시티더샵2차),35.8773402,127.1331054
91,더자람어린이집,전라북도 전주시 덕진구 아중1길 9-5,35.8289314,127.1705008
92,더조은어린이집,전라북도 전주시 덕진구 솔내5길 18 (송천동1가),35.8568369,127.122431
93,더큰빛어린이집,"전라북도 전주시 완산구 서곡로 20-1 관리동(효자동3가, 서곡두산)",35.8307749,127.098144
94,덕진파랑새어린이집,전라북도 전주시 덕진구 원반월안길 19-4,35.8716198,127.0604388
95,도담도담어린이집,"전라북도 전주시 완산구 강변로 120 101동 107호(효자동1가, 한강)",35.8018064,127.1133099
96,도담아이어린이집,"전라북도 전주시 완산구 삼천천변1길 45 201동 103호(삼천동1가, 흥건)",35.7943862,127.1158865
97,도담어린이집,"전라북도 전주시 완산구 화산천변로 50 관리사무소내 (중화산동2가, 현대에코르)",35.8233595,127.1169479
98,도래샘어린이집,"전라북도 전주시 완산구 새터로 100 101동 103호(서신동, 대우대창)",35.8348303,127.1184753
99,도토리어린이집,"전라북도 전주시 덕진구 오공로 71 106동 104호(중동, 호반베르디움아파트)",35.8355499,127.1417709
100,도화어린이집,"전라북도 전주시 완산구 용리로 162 104동 101호(삼천동1가, 개나리아파트)",35.797085,127.127698
101,동그라미어린이집,전라북도 전주시 덕진구 인후동1가 석소로 55 858-2번지,35.8320656,127.1658528
102,동심어린이집,전라북도 전주시 덕진구 원고랑1길 13 (고랑동),35.8734419,127.0859723
103,동아어린이집,"전라북도 전주시 완산구 새터로 95 106동 101호(서신동, 동아한일)",35.8362568,127.1177841
104,동현어린이집,전라북도 전주시 덕진구 명주1길 31-5,35.8413712,127.1466706
105,동화나라어린이집,"전라북도 전주시 덕진구 기린대로 1018-7 103동 106호(여의동, 공영)",35.8686313,127.074857
106,동화세상 어린이집,전라북도 전주시 완산구 양지3길 33-21,35.7899067,127.1203111
107,동화숲어린이집,전라북도 전주시 덕진구 견훤왕궁로 277 (금암동),35.842594,127.1441038
108,두산푸른솔어린이집,"전라북도 전주시 완산구 양지1길 16-3 101동 119호(평화동2가, 두산푸른솔)",35.7908356,127.1185319
109,둥근해어린이집,"전라북도 전주시 완산구 삼천천변1길 32 104동 108호(삼천동1가, 남양)",35.7945295,127.1137278
110,드림키즈어린이집,전라북도 전주시 덕진구 송천동2가 천마산로 113 송천동 한라비발디1단지아파트 관리동,35.8658269,127.1331953
111,드림킨더어린이집,"전라북도 전주시 완산구 새터로 60 201동 102호(서신동, 광진장미)",35.834914,127.113142
112,디모데어린이집,"전라북도 전주시 완산구 새터로 95 101동 103호(서신동, 동아한일)",35.8362568,127.1177841
113,똑똑똑어린이집,"전라북도 전주시 완산구 거마평로 125 103동 105호(효자동1가, 상산타운)",35.8032785,127.1151986
114,뛰어라올챙이어린이집,"전라북도 전주시 완산구 양지2길 10 109동 104호(평화동2가, 동신)",35.79203930000001,127.1230773
115,라미안-(i)어린이집,"전라북도 전주시 덕진구 두간6길 7 102동 101호(송천동1가, 케이제이라미안)",35.8626154,127.1261839
116,라파엘어린이집,"전라북도 전주시 덕진구 태진로 101 120동101호(진북동,우성아파트)",35.8308846,127.1341146
117,랜디어린이집,전라북도 전주시 덕진구 기지로 120 (중동) 한국국토정보공사,35.8380803,127.0652417
118,럭키해맑은어린이집,"전라북도 전주시 덕진구 동부대로 611 5동 104호(우아동3가, 럭키우아)",35.8539324,127.1527514
119,레마어린이집,전라북도 전주시 덕진구 덕진동2가 가리내6길 20-6,35.8451807,127.1096176
120,레이나어린이집,"전라북도 전주시 완산구 삼천천변3길 20 103동 108호(삼천동1가, 호반리젠시빌)",35.7973625,127.1116158
121,로뎀나무어린이집,전라북도 전주시 덕진구 도당산로 48-5,35.8456315,127.1586636
122,롯데어린이집,전라북도 전주시 완산구 계룡산길 64 (삼천동2가),35.788612,127.1051107
123,루벤스어린이집,"전라북도 전주시 덕진구 추탄로 61 102동101호(덕진동,하가더루벤스아파트)",35.8458927,127.1092997
124,룸비니어린이집,전라북도 전주시 덕진구 가리내로 42-13,35.8345128,127.1305321
125,리움어린이집,전라북도 전주시 덕진구 만성동로 16 LH퍼스트리움 관리동 보육시설,35.8375713,127.0750936
126,리틀엔젤어린이집,"전라북도 전주시 덕진구 쪽구름로 13 103동 102호(여의동, 제일)",35.8675562,127.0776975
127,리틀영재어린이집,"전라북도 전주시 완산구 신촌3길 1 103동 102호(중화산동2가, 우성중산타운)",35.8165547,127.1176147
128,리틀키즈어린이집,전라북도 전주시 완산구 따박골로 13 (중화산동2가),35.810103,127.1242267
129,리틀피카소어린이집,전라북도 전주시 덕진구 호성동2가 호성로 170 진흥더블파크2차 306동104호,35.8660771,127.1456385
130,리틀하우스어린이집,"전라북도 전주시 덕진구 붓내3길 29 130동 102호(송천동2가, 주공아파트)",35.8680209,127.1252793
131,마미랑어린이집,"전라북도 전주시 완산구 용머리로 20-1 (효자동1가, 현대아파트 단지내)",35.80451550000001,127.112359
132,마미어린이집,"전라북도 전주시 완산구 온고을로 121 101동 102호(서신동, 광진)",35.83371899999999,127.108032
133,마주노리어린이집,"전라북도 전주시 완산구 용머리로 20 101동 104호(효자동1가, 현대아파트)",35.80451550000001,127.112359
134,맑은아이숲어린이집,"전라북도 전주시 완산구 삼천천변1길 45 202동 101호(삼천동1가, 흥건)",35.7943862,127.1158865
135,맘스어린이집,"전라북도 전주시 완산구 서신천변11길 22 102동 104호(서신동, 성원)",35.8306086,127.1113376
136,맘엔유어린이집,"전라북도 전주시 덕진구 아중로 176 303동 101호(인후동1가, 아중마을부영3차아파트)",35.8279709,127.166582
137,명운어린이집,전라북도 전주시 덕진구 인후동1가 동가재미2길 28-3,35.8334032,127.1640535
138,명재어린이집,전라북도 전주시 완산구 삼천천변2길 36-3 (삼천동1가),35.7961285,127.1141855
139,모세어린이집,"전라북도 전주시 덕진구 편운로 54-68 101동 118호(동산동, 우신동산)",35.8724568,127.0820757
140,무지개어린이집,"전라북도 전주시 덕진구 아중로 180 302동 107호(인후동1가, 아중마을부영3차아파트)",35.8279709,127.166582
141,미래어린이집,전라북도 전주시 완산구 서신천변1길 16 (서신동),35.8266496,127.1135975
142,미미어린이집,전라북도 전주시 완산구 감나무4길 27 (서신동),35.8314401,127.1197334
143,미소린어린이집,"전라북도 전주시 덕진구 오공로 70 101동 102호(중동,우미린1단지)",35.8355499,127.1417709
144,미소짓는어린이집,"전라북도 전주시 완산구 신촌3길 1 105동 102호(중화산동2가, 우성중산타운)",35.8165547,127.1176147
145,미스바어린이집,"전라북도 전주시 덕진구 쪽구름5길 5 102동 107호(고랑동, 명성아파트)",35.8767135,127.0780891
146,미키어린이집,"전라북도 전주시 완산구 삼천천변1길 45 관리동(삼천동1가, 흥건)",35.7943862,127.1158865
147,민들레어린이집,"전라북도 전주시 완산구 신촌3길 1 103동 101호(중화산동2가, 우성중산타운)",35.8165547,127.1176147
148,바울어린이집,전라북도 전주시 완산구 용머리로 228 (서완산동 1가),35.8077022,127.133231
149,바하어린이집,전라북도 전주시 덕진구 거북바우로 53 (금암동),35.8388605,127.1425488
150,반올림어린이집,"전라북도 전주시 완산구 효자동2가 세내로 239 관리동(효자동2가, 포스코더샵1차)",35.810722,127.1090879
151,베르디움어린이집,"전라북도 전주시 덕진구 오공로 71 108동 103호(중동, 호반베르디움아파트)",35.8355499,127.1417709
152,베베숲어린이집,전라북도 전주시 덕진구 덕진동2가 가련산로 24 영무예다음아파트 관리사무소 1층,35.8404359,127.1102883
153,베이비스쿨24시어린이집,"전라북도 전주시 완산구 새터로 63 201동 101호(서신동, 동아2차)",35.8359489,127.1127525
154,베이비팰리움어린이집,"전라북도 전주시 완산구 호암로 40 207동 101호(효자동2가, 골든팰리스휴먼시아)",35.8085729,127.099382
155,벼리어린이집,전라북도 전주시 덕진구 호성동1가 호성로 138 진흥더블파크2단지 관리소내,35.8641884,127.146944
156,별나라어린이집,"전라북도 전주시 덕진구 송천동2가 붓내3길 29 101동 102호(송천동2가, 주공아파트)",35.8680209,127.1252793
157,별님어린이집,전라북도 전주시 완산구 효자동3가 척동10길 11 1층,35.8248545,127.1012555
158,별빛어린이집,"전라북도 전주시 덕진구 소리로 179 203동 106호(호성동1가, 주공아파트)",35.8586341,127.1506453
159,별초롱어린이집,"전라북도 전주시 완산구 모악로 4651 105동 102호(평화동2가, 동도미소드림)",35.7858364,127.1278923
160,병아리어린이집,"전라북도 전주시 완산구 모악로 4685 103동 112호(평화동2가, 우미)",35.7882594,127.129399
161,보드미어린이집,"전라북도 전주시 덕진구 솔내로 142 103동 103호(송천동1가, 송천신일)",35.862437,127.127922
162,보물섬어린이집,"전라북도 전주시 완산구 서곡로 8 관리동(효자동3가, 서곡주공)",35.8313795,127.0961244
163,복지어린이집,"전라북도 전주시 완산구 평화동1가 덕적골2길 22 관리동(평화동1가, 평화주공1단지)",35.7969464,127.1421962
164,브레인어린이집,전라북도 전주시 완산구 소태정5길 18-7 1층(효자동2가),35.8041371,127.0986986
165,블루밍어린이집,"전라북도 전주시 덕진구 안덕원3길 10 1동 102호(우아동3가, 럭키우아)",35.8445244,127.1638873
166,비전어린이집,전라북도 전주시 덕진구 인후동1가 견훤로 333 위브어울림 아파트 관리동,35.841247,127.153749
167,비타민어린이집,"전라북도 전주시 덕진구 솔내6길 7 102동 104호(송천동1가, 영창드림맨션)",35.8589386,127.1226409
168,비테어린이집,전라북도 전주시 완산구 평화2길 13 (평화동2가),35.7820051,127.1343662
169,빛뜨란어린이집,"전라북도 전주시 완산구 강변로 220-16 2동 101호(효자동1가, 삼호)",35.8095314,127.1137512
170,뽀로로어린이집,전라북도 전주시 완산구 전룡3길 11 (서신동),35.82616429999999,127.1179434
171,뽀로로와친구들어린이집,"전라북도 전주시 덕진구 견훤로 333 118동 104호(인후동1가, 두산위브)",35.841247,127.153749
172,뽀뽀뽀어린이집,전라북도 전주시 덕진구 송천동2가 사근1길 11 현대3차아파트 306동 103호,35.8678266,127.1284734
173,뿡뿡이어린이집,"전라북도 전주시 완산구 평화로 95 101동 106호(평화동2가, 호반리젠시빌)",35.78564009999999,127.1323649
174,사과나무어린이집,"전라북도 전주시 완산구 당산로 43 105동 104호(서신동, 제일비사벌)",35.8327806,127.1131485
175,사랑가득어린이집,"전라북도 전주시 완산구 서곡로 22 102동 102호(효자동3가, 서곡두산)",35.8307749,127.098144
176,사랑나무어린이집,"전라북도 전주시 완산구 새터로 95 113동 101호(서신동, 동아한일)",35.8362568,127.1177841
177,사랑샘어린이집,"전라북도 전주시 완산구 용리로 179 103동 102호(삼천동1가, 세창짜임)",35.7991591,127.1275033
178,사랑숲어린이집,"전라북도 전주시 완산구 신봉로 74 나동 102호(효자동1가, 성원골드맨션)",35.8089446,127.1221422
179,사랑어린이집,전라북도 전주시 덕진구 덕용1길 53-3,35.8709756,127.0808481
180,사랑열매어린이집,"전라북도 전주시 덕진구 두간6길 9 101동 106호(송천동1가, 케이제이라미안)",35.8625093,127.1262172
181,사랑이레어린이집,전라북도 전주시 완산구 서곡1길 20-8 (효자동3가),35.8360928,127.0996777
182,사랑해어린이집,"전라북도 전주시 덕진구 붓내3길 29 126동 104호(송천동2가, 뜨란채1차아파트)",35.8680209,127.1252793
183,사랑화수분어린이집,"전라북도 전주시 완산구 소태정로 1 관리동(효자동2가, 휴먼시아아이린)",35.8063056,127.0968392
184,사임당어린이집,전라북도 전주시 덕진구 팽나무4길 26 (인후동1가),35.834147,127.1544184
185,산들어린이집,"전라북도 전주시 완산구 양지2길 10 113동 103호(평화동2가, 동신)",35.79203930000001,127.1230773
186,살구나무어린이집,"전라북도 전주시 완산구 평화로 95 103동 106호(평화동2가, 호반리젠시빌)",35.78564009999999,127.1323649
187,삼천남양어린이집,"전라북도 전주시 완산구 삼천천변1길 32 관리동(삼천동1가, 남양)",35.7945295,127.1137278
188,삼천아기사랑어린이집,전라북도 전주시 완산구 삼천동1가 송정중앙로 19 (삼천동1가),35.8016791,127.1203661
189,상록어린이집,전라북도 전주시 완산구 우전로 251 (효자동2가),35.816959,127.1016079
190,상원어린이집,전라북도 전주시 완산구 천잠로 545-7 (효자동3가),35.8331204,127.0953714
191,새나라키즈어린이집,전라북도 전주시 완산구 안터2길 29 (서신동),35.8280442,127.1174224
192,새들어린이집,전라북도 전주시 완산구 공북로 38-3 (태평동),35.8252169,127.1361804
193,새봄어린이집,"전라북도 전주시 덕진구 틀못4길 33 관리동 보육시설(장동, 엘에이치이노팰리스아파트)",35.8459113,127.0603153
194,새빛어린이집,전라북도 전주시 완산구 신봉로 4 (효자동1가),35.8100318,127.1156101
195,새소망어린이집,"전라북도 전주시 덕진구 붓내3길 29 122동 104호(송천동2가, 주공아파트)",35.8680209,127.1252793
196,새싹어린이집,전라북도 전주시 완산구 양지3길 34-4 (평화동2가),35.7888197,127.1200676
197,새한어린이집,"전라북도 전주시 덕진구 벚꽃로 57 112동 102호(진북동, 우성)",35.8308486,127.1340884
198,새힘어린이집,"전라북도 전주시 덕진구 진버들3길 8-3 102동 108호(인후동1가, 진버들마을부영1차아파트)",35.8360312,127.162353
199,색동어린이집,"전라북도 전주시 완산구 당산로 43 관리동2층(서신동, 제일비사벌)",35.8327806,127.1131485
200,샛별어린이집,전라북도 전주시 덕진구 용흥길 26 (송천동2가),35.8740842,127.1115279
201,샛별재능어린이집,전라북도 전주시 덕진구 조경단로 18-1,35.8361172,127.1371702
202,서곡한빛어린이집,"전라북도 전주시 완산구 서곡로 22 105동 101호(효자동3가, 서곡두산)",35.8307749,127.098144
203,서곡해뜰어린이집,전라북도 전주시 완산구 원서곡길 54-1 (효자동3가),35.8326063,127.0940059
204,서신어린이집,전라북도 전주시 완산구 감나무로 15 (서신동),35.8291287,127.1202846
205,서신피노키오어린이집,"전라북도 전주시 완산구 새터로 95 120동 102호(서신동, 동아한일)",35.8362568,127.1177841
206,서진우리어린이집,전라북도 전주시 완산구 평화동1가 평화18길 11,35.79326289999999,127.1350594
207,서호또래어린이집,"전라북도 전주시 덕진구 송천동1가 송천로 31 105동 104호(송천동1가, 서호1차아파트)",35.85563339999999,127.1180025
208,서희스타어린이집,전라북도 전주시 완산구 효자동2가 홍산1길 21 서희스타힐스 관리동내,35.81486,127.1064606
209,성산어린이집,전라북도 전주시 완산구 천경로 7 전주성산교회1층(동서학동),35.8070565,127.1530005
210,성원가정어린이집,"전라북도 전주시 완산구 새터로 60 202동 102호(서신동, 광진장미)",35.834914,127.113142
211,성원어린이집,"전라북도 전주시 완산구 서신천변11길 22 관리동(서신동, 성원)",35.8306086,127.1113376
212,성품바른어린이집,전라북도 전주시 덕진구 송천동2가 세병로 85 502동 107호(에코시티 데시앙아파트),35.873171,127.134232
213,성품좋은어린이집,전라북도 전주시 덕진구 천마산로 100 송천진흥더블파크 단지내 관리동 보육시설 (송천동1가),35.863938,127.1323515
214,세븐팰리스어린이집,전라북도 전주시 완산구 효자동2가 우전로 180 세븐팰리스아파트 관리동,35.810546,127.1026436
215,세원어린이집,"전라북도 전주시 덕진구 호성동1가 호성1길 29 나동 107호(호성동1가, 신동아)",35.8559629,127.1534926
216,세창어린이집,"전라북도 전주시 완산구 용리로 179 103동 103호(삼천동1가, 세창짜임)",35.7991591,127.1275033
217,세향어린이집,"전라북도 전주시 완산구 소대배기로 33 102동 103호(평화동2가, 현대)",35.7874182,127.1336695
218,센트럴키즈어린이집,전라북도 전주시 덕진구 송천로 1 송천동센트럴파크아파트 관리동(1층) (송천동1가),35.8539669,127.117336
219,소나무어린이집,"전라북도 전주시 덕진구 호반로 11 203동 101호(송천동1가, 송천동센트럴파크2단지아파트)",35.8539669,127.117336
220,소망어린이집,전라북도 전주시 덕진구 실리1길 26-8,35.8723538,127.0688184
221,소원어린이집,"전라북도 전주시 덕진구 호성동1가 동부대로 787 5동 101호(호성동1가, 동신아파트)",35.8579393,127.1544712
222,소율어린이집,"전라북도 전주시 완산구 삼천천변3길 20 단지내(삼천동1가, 호반리젠시빌)",35.7973625,127.1116158
223,솔내어린이집,전라북도 전주시 덕진구 천마산로 33 전북 전주시 덕진구 송천동2가 1280번지 송천주공2차아파트 관리동,35.864882,127.126057
224,솔로몬어린이집,전라북도 전주시 덕진구 붓내4길 17-1,35.8681747,127.1229748
225,솔밭영재어린이집,"전라북도 전주시 완산구 양지2길 10 104동 102호(평화동2가, 동신)",35.79203930000001,127.1230773
226,솔빛어린이집,전라북도 전주시 덕진구 송천동1가 송천3길 55 벽산e-리버파크아파트(관리동),35.861007,127.1179031
227,솜사탕어린이집,"전라북도 전주시 덕진구 송천동1가 가리내로 550 108동 101호(송천동1가,한양아파트)",35.8607994,127.1130862
228,송림꽃무지풀무지어린이집,전라북도 전주시 완산구 효자동2가 한절길 67-44,35.8032174,127.0898256
229,송이송이어린이집,"전라북도 전주시 완산구 백제대로 13 105동 107호(삼천동1가, 고층우성아파트)",35.7959185,127.130614
230,송정아가방어린이집,"전라북도 전주시 완산구 평화7길 40 106동 101호(평화동2가, 송정써미트)",35.7856427,127.1381146
231,송정좋은친구 어린이집,"전라북도 전주시 완산구 평화7길 40 107동 101호(평화동2가, 송정써미트)",35.7856427,127.1381146
232,송천동트는어린이집,전라북도 전주시 덕진구 천마산로 116-3,35.8643626,127.1339609
233,송천원광어린이집,전라북도 전주시 덕진구 송천중앙로 100  -3 송천원광어린이집,35.8559841,127.1210498
234,수어린이집,"전라북도 전주시 완산구 호암로 41 809동 104호(효자동2가, 아르팰리스휴먼시아)",35.810694,127.0986444
235,순복음어린이집,전라북도 전주시 덕진구 견훤왕궁로 246-3,35.8402594,127.1462276
236,숲소리어린이집,전라북도 전주시 완산구 효자동3가 원서곡길 27,35.8340098,127.0943191
237,숲속마을가정어린이집,"전라북도 전주시 덕진구 벚꽃로 57 117동 101호(진북동, 우성)",35.8308486,127.1340884
238,숲속몬테소리어린이집,전라북도 전주시 덕진구 인후동1가 한배미6길 26 (인후동1가),35.8222632,127.1679706
239,숲속어린이집,전라북도 전주시 덕진구 틀못4길 17 우미린2차 203동 101호,35.8514696,127.0699428
240,숲정이성지어린이집,전라북도 전주시 덕진구 진북1길 26 숲정이성지 어린이집,35.82730370000001,127.1329185
241,쉐마어린이집,전라북도 전주시 덕진구 호성로 18-5,35.854127,127.1527426
242,스위첸어린이집,전라북도 전주시 덕진구 송천동1가 오송1길 37-17 송천KCC스위첸아파트 관리동 보육시설,35.8643598,127.129928
243,슬기로운아이어린이집,"전라북도 전주시 완산구 안행로 175 101동 104호(중화산동1가, 현대1차)",35.8115344,127.1316014
244,신나는아이어린이집,"전라북도 전주시 덕진구 송천2길 25 1동 107호(송천동1가, 라이프)",35.8591608,127.1187524
245,신나는어린이집,"전라북도 전주시 덕진구 무삼지로 32 205동 105호(인후동1가, 인후꿈마을부영2차아파트)",35.829804,127.1648598
246,신난다어린이집,"전라북도 전주시 완산구 당산로 101 104동 103호(서신동, 동아)",35.8362568,127.1177841
247,신동어린이집,전라북도 전주시 완산구 맏내로 158-11 (평화동2가),35.7943179,127.1293816
248,신색동어린이집,"전라북도 전주시 완산구 용리로 133 110호(삼천동1가, 삼익아파트)",35.7976682,127.1243923
249,신생어린이집,전라북도 전주시 완산구 난전들로 22-7 (평화동3가),35.7786974,127.1267845
250,신세계어린이집,전라북도 전주시 덕진구 아중6길 24-4,35.8323557,127.1718354
251,신원아띠어린이집,"전라북도 전주시 완산구 효자동1가 용머리로 101 (효자동1가,신원리브웰) 관리동",35.8067345,127.1208547
252,신일아이사랑어린이집,"전라북도 전주시 완산구 강변로 98 105동 105호(삼천동1가, 신일강변)",35.7995567,127.1127267
253,신일어린이집,전라북도 전주시 덕진구 송천동1가 솔내로 144 전주 신일 어린이집,35.8619384,127.1283347
254,신전주어린이집,전라북도 전주시 완산구 능안자구길 75 (삼천동3가),35.8032022,127.084494
255,쌍용기쁨어린이집,전라북도 전주시 덕진구 송천동2가 와룡로 40 송천동1차쌍용아파트 103동 102호,35.8630769,127.112614
256,썬샤인어린이집,전라북도 전주시 완산구 효자동2가 우전로 96,35.8132624,127.1011393
257,쑥쑥어린이집,"전라북도 전주시 완산구 평화로 100 209동 102호(평화동2가, 주공그린2단지)",35.7848347,127.1349762
258,씽씽가정어린이집,"전라북도 전주시 덕진구 무삼지로 32 204동 102호(인후동1가, 인후꿈마을부영2차아파트)",35.829804,127.1648598
259,아가또래어린이집,"전라북도 전주시 완산구 서신천변11길 22 106동 103호(서신동, 성원)",35.8306086,127.1113376
260,아가베베궁어린이집,"전라북도 전주시 덕진구 쪽구름로 13 104동 112호(여의동, 제일)",35.8675562,127.0776975
261,아가사랑어린이집,전라북도 전주시 덕진구 덕용1길 53-1,35.8711068,127.08116
262,아기나무어린이집,전라북도 전주시 완산구 따박골로 8 2동 102호(효자동1가 남양황실),35.8088967,127.123866
263,아기둥지어린이집,"전라북도 전주시 덕진구 소리로 179 215동 103호(호성동1가, 주공아파트)",35.8586341,127.1506453
264,아기별어린이집,전라북도 전주시 덕진구 무삼지5길 18 (인후동1가),35.8273654,127.163663
265,아기사랑어린이집,"전라북도 전주시 덕진구 동부대로 785 301동 110호(호성동1가, 동신아파트)",35.8572727,127.1555545
266,아기샛별어린이집,"전라북도 전주시 덕진구 붓내3길 29 112동 103호(송천동2가, 주공아파트)",35.8680209,127.1252793
267,아기숲어린이집,"전라북도 전주시 덕진구 거북바우3길 15 관리동 1층(금암동, 중앙하이츠아파트)",35.8377476,127.1396751
268,아기천사어린이집,전라북도 전주시 완산구 외칠봉1길 17 (효자동1가),35.8028996,127.1371799
269,아기토마토어린이집,"전라북도 전주시 덕진구 벚꽃로 57 113동 101호(진북동, 우성)",35.8308486,127.1340884
270,아띠맘어린이집,"전라북도 전주시 완산구 거마평로 139 101동 107호(효자동1가, 삼성효자맨션)",35.8047506,127.1154208
271,아띠어린이집,"전라북도 전주시 완산구 평화7길 40 104동 103호(평화동2가, 송정써미트)",35.7856427,127.1381146
272,아람어린이집,전라북도 전주시 덕진구 기린대로 1018-7 푸른솔아파트단지내,35.8686313,127.074857
273,아롱별어린이집,"전라북도 전주시 완산구 서곡로 34 102동 105호(효자동3가, 청솔)",35.83185410000001,127.0997001
274,아르팰리스물앤빛어린이집,"전라북도 전주시 완산구 호암로 41 단지내(효자동2가, 아르팰리스휴먼시아)",35.810694,127.0986444
275,아름다운어린이집,"전라북도 전주시 완산구 삼천천변1길 9 관리동(삼천동1가, 삼천주공6단지)",35.7958574,127.1114189
276,아빠랑어린이집,전라북도 전주시 덕진구 우아동3가 도당산4길 53-12 아빠랑어린이집,35.8455352,127.1558639
277,아이가크는숲예솔어린이집,전라북도 전주시 덕진구 동가재미2길 59 (인후동1가),35.83484310000001,127.1667202
278,아이깨비어린이집,"전라북도 전주시 완산구 온고을로 119 103동 103호(서신동, 신일)",35.8326974,127.1094567
279,아이누리어린이집,"전라북도 전주시 덕진구 솔내9길 5 102동 107호(송천동1가, 송천동우림)",35.8618293,127.1257784
280,아이다솜어린이집,전라북도 전주시 완산구 하거마3길 25 (삼천동1가),35.7942167,127.1182115
281,아이다움어린이집,전라북도 전주시 완산구 효자동3가 홍산북로 83 (효자동3가)코오롱스카이타워 관리동 내,35.8179978,127.1115885
282,아이들세상어린이집,전라북도 전주시 완산구 평화로 71 (평화동2가),35.783188,127.1331786
283,아이들세상어린이집,전라북도 전주시 덕진구 무삼지1길 14-3,35.8253371,127.1619434
284,아이뜰어린이집,전라북도 전주시 완산구 화산천변2길 11-3 (중화산동2가),35.8197063,127.1173166
285,아이렌어린이집,전라북도 전주시 덕진구 송천동1가 송천로 43 서호 2차 @ 201-101,35.8569943,127.1177247
286,아이림어린이집,전라북도 전주시 덕진구 명주5길 14-12,35.8445887,127.1499648
287,아이맘어린이집,"전라북도 전주시 완산구 평화7길 40 102동 107호(평화동2가, 송정써미트)",35.7856427,127.1381146
288,아이사랑어린이집,전라북도 전주시 덕진구 반룡1길 8 (팔복동2가),35.8602159,127.0905552
289,아이세상어린이집,전라북도 전주시 덕진구 오송1길 13-5,35.8634906,127.1280422
290,아이숲어린이집,"전라북도 전주시 완산구 효자동2가 우전로 180 707동 103호(효자동2가, LH세븐팰리스아파트)",35.8132624,127.1011393
291,아이와숲어린이집,"전라북도 전주시 완산구 안행2길 26 단지내 (효자동1가, 대림)",35.8025844,127.1286418
292,아이와어린이집,"전라북도 전주시 완산구 효자동2가 우전로 180 708동 102호(효자동 2가, LH세븐팰리스아파트)",35.8132624,127.1011393
293,아이원어린이집,"전라북도 전주시 완산구 서곡로 8 107동 106호(효자동3가, 서곡주공)",35.8313795,127.0961244
294,아이월드어린이집,전라북도 전주시 덕진구 호성로 40,35.8554163,127.1520403
295,아이조아어린이집,"전라북도 전주시 덕진구 와룡2길 7 101동 101호(송천동2가, 솔내마을동아)",35.8658173,127.113303
296,아중어린이집,전라북도 전주시 덕진구 한배미3길 8 (인후동1가),35.8252822,127.1659614
297,아침해어린이집,전라북도 전주시 덕진구 호성동2가 화정안길 25 (호성동2가),35.8721375,127.1435569
298,아트빌어린이집,전라북도 전주시 완산구 화산천변6길 5 (중화산동2가),35.8212468,127.1156252
299,안디옥어린이집,전라북도 전주시 덕진구 화정길 41 (호성동2가),35.8724964,127.1425653
300,알곡어린이집,전라북도 전주시 덕진구 원산정길 18 (산정동),35.842432,127.1719222
301,알프스어린이집,"전라북도 전주시 완산구 견훤로 100-14 상가동 1층(중노송동, 기린봉아파트)",35.8200829,127.162777
302,애플어린이집,전라북도 전주시 덕진구 인후동1가 안덕원로 251 관리동내,35.8379588,127.1541908
303,애플트리어린이집,"전라북도 전주시 완산구 효자동2가 소태정로 1 403동 103호(효자동2가,휴먼시아아이린)",35.8063056,127.0968392
304,양정어린이집,전라북도 전주시 덕진구 솔내9길 8-11,35.8630947,127.1256549
305,양지가정어린이집,"전라북도 전주시 완산구 양지2길 10 107동 106호(평화동2가, 동신)",35.79203930000001,127.1230773
306,어깨동무어린이집,전라북도 전주시 완산구 선너머3길 19-9 (중화산동1가),35.8139045,127.1295341
307,엄마랑가정어린이집,"전라북도 전주시 덕진구 쪽구름로 19 104동 102호(여의동,제일)",35.8674091,127.0775616
308,엄마랑나랑어린이집,"전라북도 전주시 완산구 평화로 120 101동 109호(평화동2가, 두산경복궁아파트)",35.78725300000001,127.13528
309,엄마랑아가랑어린이집,전라북도 전주시 완산구 빙고리3길 19 (서완산동1가),35.8135102,127.1383598
310,엄마랑아가어린이집,"전라북도 전주시 덕진구 심방죽로 16 101동 105호(인후동1가, 인후동선변)",35.8375806,127.1511665
311,엄마사랑어린이집,"전라북도 전주시 덕진구 진버들3길 10 101동 107호(인후동1가, 진버들마을부영1차아파트)",35.8360312,127.162353
312,엄마손가정어린이집,"전라북도 전주시 덕진구 붓내3길 29 122동 101호(송천동2가, 주공아파트)",35.8680209,127.1252793
313,엄마품어린이집,"전라북도 전주시 덕진구 견훤로 333 105동 101호(인후동1가, 두산위브)",35.841247,127.153749
314,에덴어린이집,전라북도 전주시 완산구 장승배기로 302-3 (서서학동),35.8038228,127.1496094
315,에디슨어린이집,전라북도 전주시 덕진구 송천동2가 사근1길 11 304동 103호(현대3차),35.8678266,127.1284734
316,에바다어린이집,"전라북도 전주시 덕진구 솔내로 142 102동 102호(송천동1가, 송천신일)",35.8624383,127.1279736
317,에벤에셀어린이집,"전라북도 전주시 덕진구 안덕원로 251 108동 105호(인후동1가, 인후동한신휴플러스)",35.8326849,127.1471289
318,에브리클럽어린이집,"전라북도 전주시 완산구 여울로 79 101동 105호(서신동, 대우1차아파트)",35.8371213,127.1151037
319,에코어린이집,전라북도 전주시 완산구 화산천변6길 16 (중화산동2가),35.8214339,127.1144688
320,엔젤어린이집,"전라북도 전주시 완산구 세내로 559 102동 104호(효자동3가, 서곡엘지)",35.8339356,127.0979499
321,엔젤키즈어린이집,전라북도 전주시 덕진구 틀못4길 17 204동 103호 전북혁신우미린,35.8407744,127.0672257
322,엘드사랑의어린이집,"전라북도 전주시 완산구 세내로 241 101동 103호(효자동2가, 효자1차엘드수목토)",35.8124162,127.1097267
323,엘림몬테소리어린이집,"전라북도 전주시 덕진구 솔내로 142 101동 102호(송천동1가, 송천신일)",35.8624383,127.1279736
324,엘사랑어린이집,"전라북도 전주시 덕진구 반월4길 15 101동 104호(반월동, 대창하이빌타운)",35.8751303,127.0711732
325,엘지엄마사랑어린이집,"전라북도 전주시 완산구 세내로 559 104동 105호(효자동3가,서곡엘지)",35.8339356,127.0979499
326,엘프어린이집,전라북도 전주시 덕진구 오송1길 17 (송천동1가),35.8631724,127.1286635
327,엠코동화어린이집,"전라북도 전주시 완산구 평화동2가 양지3길 25-1 (평화동2가, 평화동엠코타운)",35.78946240000001,127.1195726
328,연두어린이집,전라북도 전주시 완산구 효자동3가 농소7길 19 (효자동3가),35.818378,127.0990046
329,열린교육어린이집,"전라북도 전주시 완산구 양지2길 10 104동 103호(평화동2가, 동신)",35.79203930000001,127.1230773
330,열린꼬마숲어린이집,전라북도 전주시 완산구 효자동1가 효동3길 33 8동 101호(금호아파트),35.803231,127.1304168
331,열린동화나라어린이집,전라북도 전주시 완산구 우전2길 8 (효자동2가),35.8056189,127.1084041
332,열린생각어린이집,전라북도 전주시 완산구 원서곡길 8 (효자동3가),35.83573140000001,127.0972788
333,열린아이세상어린이집,"전라북도 전주시 완산구 온고을로 121 102동 106호(서신동, 광진)",35.8336988,127.1082395
334,열방으로어린이집,"전라북도 전주시 완산구 삼천천변2길 51 102동 106호(삼천동1가, 우성2차아파트)",35.79769280000001,127.1157388
335,영생어린이집,전라북도 전주시 완산구 삼천천변3길 60 C동 (삼천동1가),35.7970281,127.1162709
336,예꿈새어린이집,"전라북도 전주시 덕진구 덕진동2가 경동로 20 106동 101호 (덕진동2가, 하가부영아파트)",35.8429998,127.1102574
337,예꿈어린이집,"전라북도 전주시 완산구 안터3길 11 1동 105호(서신동,진보설레임)",35.8286367,127.1194198
338,예다음어린이집,전라북도 전주시 완산구 중화산동2가 안행로 165-5 영무예다음 아파트 관리사무소 내,35.8097401,127.131824
339,예닮어린이집,"전라북도 전주시 완산구 평화동2가 구이로 2065 104동 106호(평화동2가,영무예다음)",35.7823049,127.1288923
340,예담어린이집,"전라북도 전주시 덕진구 틀못1길 15 506동 관리동 보육시설(장동, 호반베르디운더센트럴 1 아파트 )",35.8407744,127.0672257
341,예대어린이집,전라북도 전주시 덕진구 시천로 29-27,35.8602299,127.1134186
342,예대키즈어린이집,전라북도 전주시 완산구 평화14길 11 (평화동2가),35.7918771,127.1348653
343,예뜰어린이집,전라북도 전주시 덕진구 송천동1가 솔내7길 40-5 (송천동1가 128-6),35.8590143,127.1258802
344,예랑어린이집,전라북도 전주시 덕진구 쪽구름1길 24 (동산동),35.8727582,127.0783592
345,예린어린이집,전라북도 전주시 완산구 농소7길 23 1층 (효자동3가),35.81807209999999,127.0990277
346,예빛어린이집,전라북도 전주시 덕진구 팔복동2가 추천4길 44,35.850506,127.1059092
347,예쁜꼬마어린이집,전라북도 전주시 덕진구 틀못4길 33 104동 104호 엘에이치이노팰리스아파트,35.8459113,127.0603153
348,예쁜사랑어린이집,"전라북도 전주시 완산구 모악로 4705 1동 101호(평화동2가,  삼성강남)",35.7895319,127.1301219
349,예쁜새싹어린이집,"전라북도 전주시 덕진구 석소로 29 101동 104호(인후동1가, 아중제일)",35.8297678,127.1680107
350,예쁜세상어린이집,전라북도 전주시 덕진구 사근1길 11 현대3차아파트302-103,35.8678266,127.1284734
351,예쁜아가어린이집,"전라북도 전주시 완산구 거마평로 125 106동 103호(효자동1가, 상산타운)",35.8032785,127.1151986
352,예쁜아기별어린이집,"전라북도 전주시 완산구 효자동3가 서곡로 34 관리동(효자동3가, 청솔)",35.8317748,127.0995882
353,예쁜아이어린이집,"전라북도 전주시 완산구 당산로 11 602동 106호(서신동, 서신쌍용)",35.8316841,127.111485
354,예쁜엄지어린이집,"전라북도 전주시 덕진구 호성로 40 106동 104호(호성동1가, 엘지동아)",35.8554673,127.1518882
355,예삐어린이집,"전라북도 전주시 완산구 서곡로 8 102동 101호(효자동3가, 서곡주공)",35.8313795,127.0961244
356,예사랑어린이집,"전라북도 전주시 덕진구 천마산로 100 104동 103호(송천동1가, 진흥더블파크아파트)",35.863938,127.1323515
357,예수병원어린이집,전라북도 전주시 완산구 강당5길 18 (중화산동1가),35.8137562,127.1354668
358,예스맘어린이집,"전라북도 전주시 완산구 강변로 210 101동 105호(효자동1가, 광진라미안)",35.8080323,127.1112805
359,예은어린이집,전라북도 전주시 덕진구 와룡로 3 (송천동1가),35.8602004,127.1118644
360,예찬어린이집,전라북도 전주시 완산구 삼천동1가 안행2길 33-3 (삼천동1가),35.8011347,127.1286633
361,예촌어린이집,전라북도 전주시 완산구 메너머3길 25-15 (중화산동2가),35.8231521,127.1200319
362,예크어린이집,"전라북도 전주시 완산구 서곡로 8 102동 104호(효자동3가, 서곡주공)",35.8313795,127.0961244
363,예트니어린이집,전라북도 전주시 덕진구 사근1길 23-13,35.8676999,127.1299361
364,오네뜨어린이집,"전라북도 전주시 완산구 평화동1가 덕적골1길 50 관리동(평화동 1가, 평화동 오네뜨아파트)",35.7935285,127.139364
365,오렌지어린이집,전라북도 전주시 완산구 전룡로 132-8 (서신동),35.8288142,127.1274688
366,오리온어린이집,"전라북도 전주시 덕진구 가련산로 24 108동 105호(덕진동2가, 영무예다음아파트)",35.8404359,127.1102883
367,온고을어린이집,전라북도 전주시 완산구 난전들로 220-38 (평화동2가),35.7874791,127.1201354
368,온누리어린이집,전라북도 전주시 완산구 삼천천변1길 31-3,35.7954466,127.1141112
369,온빛어린이집,전라북도 전주시 덕진구 출판로 69 606동 관리동 보육시설(호반베르디움 더센트럴2),35.8405967,127.0601351
370,올리브어린이집,전라북도 전주시 완산구 구이로 2041-1 (평화동3가),35.7803591,127.1289708
371,완산어린이집,전라북도 전주시 완산구 전주천서로 181 (서완산동1가),35.8107319,127.1388004
372,왕자공주어린이집,"전라북도 전주시 덕진구 천마산로 100 103동 108호(송천동1가, 진흥더블파크아파트)",35.863938,127.1323515
373,우리두리어린이집,"전라북도 전주시 완산구 호암로 41 804동 103호(효자동2가, 아르팰리스휴먼시아)",35.810694,127.0986444
374,우리들어린이집,전라북도 전주시 완산구 산월1길 26 (중화산동2가),35.81307,127.1203877
375,우리모두어린이집,전라북도 전주시 덕진구 송천동2가 용흥길 12-6,35.8739393,127.1127764
376,우리아가어린이집,"전라북도 전주시 완산구 용머리로 29 3동 101호(효자동1가, 효자롯데)",35.8074446,127.112421
377,우리아이어린이집,전라북도 전주시 완산구 성지산로 27-7 (삼천동1가),35.8006008,127.1213084
378,우리어린이집,"전라북도 전주시 완산구 덕적골2길 25 관리동(평화동1가, 평화주공1단지)",35.7969464,127.1421962
379,우미브레인어린이집,"전라북도 전주시 덕진구 오공로 70 106동 105호(중동, 우미린 1차)",35.8355499,127.1417709
380,우미어린이집,전라북도 전주시 덕진구 틀못4길 17 전북혁신우미린2단지아파트 관리동,35.8407744,127.0672257
381,우석어린이집,전라북도 전주시 완산구 상거마4길 9 (삼천동1가),35.7971113,127.1202538
382,우아어린이집,전라북도 전주시 덕진구 우아7길 13 (우아동3가),35.84979070000001,127.1546409
383,우정어린이집,"전라북도 전주시 덕진구 천마산로 575 103동 101호(우아동3가, 우정신세계)",35.8409757,127.166479
384,우주가정어린이집,"전라북도 전주시 덕진구 무삼지로 40 206동 102호(인후동1가, 인후꿈마을부영2차아파트)",35.829804,127.1648598
385,웃음꽃어린이집,"전라북도 전주시 덕진구 우아동2가 중상보로 10 관리동내(우아동2가, 롯데아파트)",35.8314427,127.1689983
386,원형어린이집,전라북도 전주시 완산구 거마중앙로 36 (삼천동1가),35.7963704,127.1207432
387,위드키즈어린이집,전라북도 전주시 완산구 서신천변13길 14-10 (서신동),35.8310857,127.112718
388,위브어린이집,"전라북도 전주시 덕진구 인후동1가 견훤로 333 107동 104호(인후동1가, 두산위브)",35.8414377,127.1536624
389,위즈어린이집,전라북도 전주시 완산구 쑥고개로 196-32 (삼천동3가),35.7956409,127.0884938
390,유원어린이집,"전라북도 전주시 덕진구 소리로 191 1동 101호(호성동1가, 유원아파트)",35.858297,127.1530084
391,유정어린이집,전라북도 전주시 완산구 원서곡길 46-34 (효자동3가),35.833743,127.0941457
392,유토피아어린이집,전라북도 전주시 덕진구 호반8길 15 오성유토피아 아파트  B/102,35.8524671,127.1160584
393,은보어린이집,"전라북도 전주시 덕진구 붓내3길 29 130동 103호(송천동2가, 주공아파트)",35.8680209,127.1252793
394,은성어린이집,전라북도 전주시 완산구 강당1길 18-21 (서완산동2가),35.8102959,127.133932
395,이계순의 동화속 어린이집,전라북도 전주시 완산구 난전들로 219-17 (평화동2가),35.78688510000001,127.1159551
396,이문선가정어린이집,"전라북도 전주시 완산구 서원로 270 2동 107호(중화산동2가, 오성은하)",35.8114506,127.1241234
397,이삭어린이집,"전라북도 전주시 덕진구 쪽구름로 123 101동 107호(반월동, 남양반월타운)",35.87299160000001,127.0711454
398,이삭영재어린이집,"전라북도 전주시 덕진구 붓내3길 29 123동 102호(송천동2가, 주공아파트)",35.8680209,127.1252793
399,이안어린이집,"전라북도 전주시 완산구 삼천동1가 용리로 165 108동 105호(삼천동 1가, 삼천이안아파트)",35.7990461,127.1260598
400,이안키즈어린이집,전라북도 전주시 완산구 삼천동1가 용리로 165 이안전주삼천아파트내 관리동,35.7990461,127.1260598
401,이지움어린이집,전라북도 전주시 덕진구 인후동2가 백동2길 11 건지산이지움아파트 관리동 보육시설,35.8464572,127.1473025
402,인애어린이집,전라북도 전주시 덕진구 소리로 179 주공2단지내 주민복지관 (호성동1가),35.8586341,127.1506453
403,자람터어린이집,"전라북도 전주시 덕진구 진버들3길 10 105동 114호(인후동1가, 진버들마을부영1차아파트)",35.8360312,127.162353
404,자연생활어린이집,전라북도 전주시 덕진구 초포로 250-15,35.8729193,127.1485538
405,자이으뜸 어린이집,"전라북도 전주시 덕진구 두간6길 8 104동 105호(송천동1가, 송천자이)",35.8622435,127.1264714
406,작은사랑어린이집,"전라북도 전주시 덕진구 추천1길 6 101동 106호(팔복동2가, 코스타빌아파트)",35.8483048,127.1057534
407,작은새두리어린이집,전라북도 전주시 완산구 평화14길 15-10 (평화동2가),35.7921923,127.1340732
408,작은서전주어린이집,전라북도 전주시 완산구 난전들로 139-27 (평화동3가),35.7803832,127.1148679
409,작은천사어린이집,전라북도 전주시 덕진구 견훤로 350 (우아동3가),35.8425378,127.154626
410,장동에코르어린이집,전라북도 전주시 덕진구 정암길 19 장동에코르아파트 관리동 1층 (장동),35.8613817,127.0608967
411,재능나라어린이집,전라북도 전주시 덕진구 원고랑2길 16 (고랑동),35.8742075,127.0846125
412,재능영재어린이집,"전라북도 전주시 덕진구 무삼지로 40 201동 105호(인후동1가, 인후꿈마을부영2차아파트)",35.829804,127.1648598
413,재미랑어린이집,"전라북도 전주시 완산구 서곡로 8 106동 103호(효자동3가, 서곡주공)",35.8313795,127.0961244
414,재언어린이집,"전라북도 전주시 완산구 서신천변11길 22 103동 107호(서신동, 성원)",35.8306086,127.1113376
415,잼잼어린이집,"전라북도 전주시 덕진구 천마산로 100 107동 101호(송천동1가, 진흥더블파크아파트)",35.863938,127.1323515
416,전라북도청어린이집,전라북도 전주시 완산구 효자동3가 효자로 225,35.8197638,127.1081298
417,전북대학교 숲속어린이집,전라북도 전주시 덕진구 백제대로 567,35.844182,127.1292776
418,전북대학교병원어린이집,전라북도 전주시 덕진구 건지로 20,35.8471872,127.1405894
419,전북대학교보육교사교육원부설어린이집,전라북도 전주시 덕진구 백제대로 567,35.844182,127.1292776
420,전북지방경찰청어린이집,전라북도 전주시 완산구 효자동3가 유연로 180 전북지방경찰청 내,35.8241925,127.1051157
421,전주YWCA어린이집,전라북도 전주시 완산구 용머리로 98 (효자동1가),35.8058825,127.1209427
422,전주기전대학부설어린이집,전라북도 전주시 덕진구 송천중앙로 165 (송천동1가),35.8616172,127.1209212
423,전주대학교 수퍼스타어린이집,전라북도 전주시 완산구 효자동2가 천잠로 303 전주대학교 내,35.81350740000001,127.086864
424,전주물방울어린이집,전라북도 전주시 덕진구 덕진동2가 하가2길 29-39,35.8463766,127.115695
425,전주산단꿈나무어린이집,전라북도 전주시 덕진구 팔과정로 150,35.8599979,127.0943874
426,전주삼성어린이집,전라북도 전주시 완산구 권삼득로 20 (중노송동),35.8247495,127.1498843
427,전주하가부영사랑으로 어린이집,전라북도 전주시 덕진구 덕진동2가 경동로 20 전주하가사랑으로부영아파트 보육시설,35.8435975,127.1069495
428,전주효자어린이집,전라북도 전주시 완산구 밤나무1길 15-7 (효자동1가),35.8085904,127.1168155
429,전통나비어린이집,전라북도 전주시 완산구 충경로 125-29 (경원동3가),35.8215001,127.1503638
430,정다운어린이집,전라북도 전주시 덕진구 매봉8길 17-14,35.8398583,127.1388941
431,정선어린이집,전라북도 전주시 덕진구 안골4길 20 (인후동1가),35.8416204,127.1568197
432,제일사랑어린이집,"전라북도 전주시 덕진구 석소로 27 105동 105호(인후동1가, 아중제일)",35.8297678,127.1680107
433,제일작은천사어린이집,"전라북도 전주시 덕진구 쪽구름로 13 104동 104호(여의동, 제일)",35.8675562,127.0776975
434,제일조아어린이집,"전라북도 전주시 덕진구 쪽구름로 13 105동 102호(여의동, 제일)",35.8675562,127.0776975
435,젤로어린이집,전라북도 전주시 완산구 장승배기로 378-4 (서서학동),35.8046941,127.1510971
436,조은생각어린이집,"전라북도 전주시 완산구 서신로 102 103동 107호(서신동, 광진선수촌)",35.8346637,127.1170032
437,좋은어린이집,전라북도 전주시 덕진구 덕진동2가 추탄로 61 하가더루벤스 아파트 관리동,35.8451734,127.1129222
438,주랑어린이집,"전라북도 전주시 덕진구 팔복1길 6 103동103호(팔복동,남양아파트)",35.8483285,127.1045596
439,중산어린이집,전라북도 전주시 완산구 서원로 334 (중화산동1가),35.8142396,127.1340005
440,중흥사랑숲어린이집,"전라북도 전주시 완산구 새터로 74 105동 105호(서신동, 중흥)",35.834747,127.1146145
441,중흥어린이집,"전라북도 전주시 완산구 새터로 74 관리동(서신동, 중흥)",35.834747,127.1146145
442,중흥키즈어린이집,전라북도 전주시 덕진구 틀못3길 16,35.8407744,127.0672257
443,즐거운미키어린이집,"전라북도 전주시 완산구 삼천천변1길 45 204동 104호(삼천동1가 ,흥건)",35.7957517,127.1157543
444,지니쿠키어린이집,전라북도 전주시 덕진구 사근1길 11 306동101호,35.8666473,127.1295888
445,지혜의숲어린이집,전라북도 전주시 덕진구 진버들2길 16 안고을 우성아파트 상가내,35.8359962,127.159518
446,진주어린이집,"전라북도 전주시 완산구 신봉로 64 3동 102호(효자동1가, 광진진주)",35.8090754,127.1212505
447,진흥어린이집,전라북도 전주시 덕진구 호성동1가 호성로 132 진흥더블파크 1단지 관리동 내,35.8620221,127.149055
448,집현전어린이집,전라북도 전주시 완산구 안행5길 5-7 (삼천동1가),35.8013932,127.132119
449,창대리더어린이집,전라북도 전주시 덕진구 건산로 280 (우아동2가),35.8354782,127.1677131
450,채움어린이집,전라북도 전주시 덕진구 무삼지5길 10 (인후동1가),35.8275597,127.1643881
451,천사랑 어린이집,"전라북도 전주시 덕진구 아중로 176 306동 105호(인후동1가, 아중마을부영3차아파트)",35.8279709,127.166582
452,천사어린이집,전라북도 전주시 완산구 장승배기로 13 (삼천동1가),35.7961623,127.1211426
453,천재어린이집,"전라북도 전주시 덕진구 중상보로 10 105동 104호(우아동2가, 전주아중롯데)",35.8314427,127.1689983
454,첫단추어린이집,"전라북도 전주시 덕진구 가련산로 24 107동 102호(덕진동2가, 영무예다음아파트)",35.8404359,127.1102883
455,청아어린이집,"전라북도 전주시 완산구 서곡로 22 101동 104호(효자동3가, 서곡두산)",35.8307749,127.098144
456,청운어린이집,"전라북도 전주시 완산구 서곡로 34 105동 101호(효자동3가, 청솔)",35.8317748,127.0995882
457,체리나무어린이집,"전라북도 전주시 덕진구 호성동1가 호성로 136 203동 101호(호성동1가, 호성동진흥더블파크2단지)",35.8641884,127.146944
458,체리어린이집,"전라북도 전주시 덕진구 호성동1가 소리로 179 209/103 (호성동1가, 호성주공아파트)",35.8586341,127.1506453
459,초록꿈어린이집,"전라북도 전주시 덕진구 안덕원1길 30 101동 109호(우아동3가, 진흥하이츠)",35.8409415,127.1650262
460,초록별 어린이집,"전라북도 전주시 완산구 온고을로 119 101동 108호(서신동, 신일)",35.8326974,127.1094567
461,초록빛키즈어린이집,전라북도 전주시 덕진구 붓내3길 29 송천주공아파트 주민복지관내 (송천동2가),35.8680209,127.1252793
462,초록샘어린이집,전라북도 전주시 완산구 효자동2가 홍산1길 7 SK리더스뷰 아파트 관리동 내,35.813709,127.108011
463,초록숲어린이집,"전라북도 전주시 덕진구 오공로 71 105동 101호(중동, 호반베르디움아파트)",35.8355499,127.1417709
464,초록아이어린이집,전라북도 전주시 완산구 따박골6길 23 (중화산동2가),35.8087846,127.1289814
465,칙칙폭폭어린이집,"전라북도 전주시 덕진구 팽나무2길 7 102동 104호(인후동1가, 인후휴먼시아아파트)",35.8354697,127.1520831
466,캔디어린이집,"전라북도 전주시 덕진구 안덕원로 251 104동 104호(인후동1가, 인후동한신휴플러스)",35.8326849,127.1471289
467,캥거루어린이집,전라북도 전주시 완산구 거마산로 8-4 (삼천동1가),35.7966741,127.1225775
468,코코어린이집,"전라북도 전주시 완산구 양지2길 52-7 116동 104호(평화동2가, 동신2차)",35.7911989,127.1198986
469,콜럼버스어린이집,"전라북도 전주시 완산구 삼천천변3길 20 102동 107호(삼천동1가, 호반리젠시빌)",35.7973625,127.1116158
470,큐피트어린이집,전라북도 전주시 완산구 화산천변3길 12-3 (중화산동2가),35.8207481,127.1148494
471,크는나무어린이집,전라북도 전주시 완산구 따박골로 46 (중화산동2가),35.8102314,127.1271399
472,크는새싹어린이집,"전라북도 전주시 덕진구 견훤로 333 114동 104호(인후동1가, 두산위브)",35.841247,127.153749
473,크레파스어린이집,전라북도 전주시 덕진구 송천동1가 오송로 45 송천아이파크아파트 105동 101호,35.8619384,127.1318066
474,큰나무어린이집,"전라북도 전주시 완산구 거마평로 7 관리동(삼천동1가, 주공4단지)",35.7930401,127.1158283
475,큰동그라미어린이집,전라북도 전주시 덕진구 가재미로 23 (인후동1가),35.8271544,127.1628783
476,큰별어린이집,전라북도 전주시 완산구 내원당길 70-15 (대성동),35.7937208,127.1700991
477,큰빛사랑어린이집,전라북도 전주시 완산구 인봉로 38 (중노송동),35.82677839999999,127.1586047
478,큰빛선교어린이집,전라북도 전주시 덕진구 석소2길 11-4 아중큰빛교회내 큰빛선교어린이집,35.8336805,127.1685598
479,큰숲어린이집,"전라북도 전주시 덕진구 우아동3가 동부대로 575 101동 111호(우아동3가, 우정신세계)",35.8409757,127.166479
480,클로버어린이집,"전라북도 전주시 덕진구 붓내3길 29 119동 106호(송천동2가, 주공아파트)",35.8680209,127.1252793
481,키즈맘어린이집,"전라북도 전주시 완산구 모악로 4681 103동 101호(평화동2가, 미송평화하이죤)",35.787307,127.1283648
482,키즈멘토어린이집,전라북도 전주시 덕진구 가리내6길 16-12,35.845174,127.1104398
483,키즈쉐마어린이집,전라북도 전주시 덕진구 우아동1가 인교로 3-14,35.8246778,127.1709689
484,키즈엔젤어린이집,전라북도 전주시 덕진구 사근1길 11 310동102호,35.8666473,127.1295888
485,키즈캠어린이집,전라북도 전주시 완산구 평화11길 6-3 (평화동2가),35.789324,127.1361663
486,키즈콜럼버스어린이집,전라북도 전주시 완산구 고사평1길 8-13 (서신동),35.8357235,127.108664
487,킹덤어린이집,"전라북도 전주시 덕진구 견훤로 333 111동 102호(인후동1가, 두산위브)",35.841247,127.153749
488,타이니어린이집,전라북도 전주시 완산구 화산천변2길 3-3 (중화산동2가),35.8196697,127.1164981
489,태평양어린이집,전라북도 전주시 덕진구 모래내8길 23 (금암동),35.8348563,127.1432173
490,태평어린이집,전라북도 전주시 완산구 전주천동로 334 (태평동),35.823736,127.1384268
491,테바솔어린이집,전라북도 전주시 완산구 효자동3가 농소7길 32-16,35.8184052,127.100226
492,토마토어린이집,전라북도 전주시 완산구 중산1길 4-4 (중화산동2가),35.8147735,127.120152
493,튼튼아가어린이집,"전라북도 전주시 완산구 당산로 55 202동 101호(서신동, 남양대명)",35.8329972,127.1148368
494,팅커벨어린이집,"전라북도 전주시 완산구 중화산동2가 영경1길 25 101동 105호(중화산동2가, 우성근영타운)",35.8185824,127.1256694
495,파니파니어린이집,"전라북도 전주시 완산구 서신로 102 102동 104호(서신동, 광진선수촌)",35.8347722,127.1169051
496,파란나라어린이집,전라북도 전주시 덕진구 원산정길 22 (산정동),35.8429121,127.1721364
497,파란나무어린이집,"전라북도 전주시 완산구 효자동3가 유연로 217-11 107동 102호(효자동3가, 호반베르디움)",35.8259759,127.1080952
498,파란하늘어린이집,전라북도 전주시 덕진구 매봉로 23 (금암동),35.8399858,127.1410944
499,파랑새어린이집,전라북도 전주시 완산구 평화동2가 난전들로 245-15 (평화동2가),35.7897632,127.1156146
500,파랑어린이집,전라북도 전주시 완산구 서학3길 25-3 (서서학동),35.8064688,127.1513659
501,판암어린이집,전라북도 전주시 완산구 안행9길 29-10 (효자동1가),35.8021585,127.1327568
502,팔복성모어린이집,전라북도 전주시 덕진구 상리5길 8-5,35.8513805,127.1009895
503,팔복어린이집,전라북도 전주시 덕진구 신복7길 2-14,35.8554415,127.104327
504,팡팡어린이집,"전라북도 전주시 덕진구 와룡2길 14 8동 102호(송천동2가, 롯데아파트)",35.8671026,127.1127264
505,퍼스트어린이집,전라북도 전주시 덕진구 만성동로 16 103동 105호(LH퍼스트리움아파트),35.8375631,127.0762802
506,평화그린어린이집,"전라북도 전주시 완산구 평화로 100 204동 104호(평화동2가, 주공그린2단지)",35.7848347,127.1349762
507,평화노벨어린이집,전라북도 전주시 완산구 평화동1가 덕적골2길 66 평화지안리즈아파트 관리동 내,35.79305799999999,127.1410575
508,평화사임당어린이집,"전라북도 전주시 완산구 평화로 120 101동 108호(평화동2가, 경복궁아파트)",35.78725300000001,127.13528
509,평화원광어린이집,전라북도 전주시 완산구 백제대로 20-15 (평화동1가),35.7968897,127.1398584
510,평화피노키오어린이집,전라북도 전주시 완산구 평화5길 24-21 (평화동2가),35.7843941,127.1363225
511,푸르니어린이집,전라북도 전주시 덕진구 호성로 170 관리동(진흥더블파크 3단지),35.8660771,127.1456385
512,푸르지오 어린이집,전라북도 전주시 덕진구 인후동1가 석소로 77 아중대우아파트 관리동 1층,35.8337929,127.1663084
513,푸른꿈어린이집,전라북도 전주시 덕진구 송천동2가 사근1길 11-6 현대3차단지내,35.8678445,127.1284994
514,푸른나무어린이집,전라북도 전주시 덕진구 초당길 85-12,35.8712701,127.1543242
515,푸른샘 어린이집,"전라북도 전주시 덕진구 석소로 27 104동 106호(인후동1가, 아중제일)",35.8297678,127.1680107
516,푸른아이어린이집,전라북도 전주시 완산구 평화동2가 평화9길 16 주민복지관 1층,35.7875801,127.1378135
517,푸른어린이집,"전라북도 전주시 완산구 평화로 95 101동 104호(평화동2가, 호반리젠시빌)",35.78564009999999,127.1323649
518,푸른초장어린이집,전라북도 전주시 완산구 덕적골3길 36-6 (평화동1가),35.7975738,127.14361
519,푸른하늘어린이집,"전라북도 전주시 완산구 삼천천변2길 51 102동 112호(삼천동1가, 우성2차아파트)",35.79769280000001,127.1157388
520,풀빛유기농어린이집,전라북도 전주시 완산구 효자동3가 용호로 149 (효자동3가),35.8165522,127.0968652
521,풀잎어린이집,"전라북도 전주시 덕진구 안덕원로 325 102동 106호(인후동1가, 인후송정써미트아파트)",35.8391917,127.1626376
522,풍림아이원어린이집,"전라북도 전주시 완산구 우전1길 40 101동 101호(효자동2가, 풍림아이원)",35.8066113,127.1064494
523,프리머스키즈어린이집,"전라북도 전주시 덕진구 오공로 70 중동, 우미린 1차 관리동",35.8355499,127.1417709
524,하가부영어린이집,"전라북도 전주시 덕진구 덕진동2가 경동로 20 114동104호(덕진동2가,전주하가사랑으로부영아파트)",35.84760199999999,127.1121001
525,하가숲어린이집,"전라북도 전주시 덕진구 덕진동2가 경동로 19 105동103호(덕진동2가,하가지구 제일오투그란데아파트)",35.8429998,127.1102574
526,하가엔젤어린이집,전라북도 전주시 덕진구 덕진동2가 상가마을길 8-14,35.8399377,127.1142333
527,하가예다음어린이집,"전라북도 전주시 덕진구 가련산로 24 104동 102호(덕진동2가, 영무예다음아파트)",35.8404359,127.1102883
528,하가오투어린이집,전라북도 전주시 덕진구 덕진동2가 경동로 19 관리동 보육시설 (하가오투그란데아파트),35.8438774,127.1082743
529,하가휴먼빌 어린이집,전라북도 전주시 덕진구 덕진동2가 하가로 10 관리동,35.8451734,127.1129222
530,하나가정어린이집,"전라북도 전주시 덕진구 진버들3길 8-3 106동 102호(인후동1가, 진버들마을부영1차아파트)",35.8360312,127.162353
531,하나캐슬어린이집,전라북도 전주시 완산구 장승배기로 46-10 (삼천동1가),35.7961623,127.1211426
532,하늘꿈어린이집,"전라북도 전주시 완산구 강변로 106 103동 101호(삼천동1가, 삼천하이츠)",35.8008065,127.1128378
533,하늘샘어린이집,전라북도 전주시 완산구 당산로 11-3 (서신동),35.8327457,127.1085479
534,하늘숲어린이집,전라북도 전주시 덕진구 오공로 100 혁신호반베르디움 더클래스Ⅱ 아파트 관리동,35.8408369,127.0629392
535,하늘어린이집,전라북도 전주시 덕진구 솔내로 124  송천2차 현대아파트 관리동,35.8612162,127.1279181
536,하늘채어린이집,전라북도 전주시 완산구 화산천변로 55 (중화산동2가) 관리동(코오롱하늘채아파트),35.8235525,127.1150327
537,하민어린이집,전라북도 전주시 덕진구 인교6길 7 (우아동1가),35.825633,127.1722472
538,하버드어린이집,"전라북도 전주시 덕진구 가리내로 216 505동 101호(덕진동2가, 휴먼빌아파트)",35.839405,127.11288
539,하얀꿈어린이집,"전라북도 전주시 완산구 난전들로 257 102동 103호(삼천동1가, 대왕장미)",35.791641,127.1158655
540,하음어린이집,전라북도 전주시 완산구 신봉2길 10 (효자동1가),35.8106684,127.1192147
541,학산어린이집,전라북도 전주시 완산구 평화동2가 모악로 4726-1 평화주공4단지 관리동(평화동2가),35.7901693,127.132364
542,한국어린이집,전라북도 전주시 완산구 용산마을길 35 (삼천동2가),35.7930928,127.1028645
543,한나 어린이집,전라북도 전주시 덕진구 인후동1가 무삼지3길 5-1 한나어린이집,35.827582,127.1625268
544,한동어린이집,전라북도 전주시 완산구 평화19길 13-6 (평화동1가),35.7953707,127.1380247
545,한둥글어린이집,"전라북도 전주시 덕진구 안덕원로 251 107동 103호(인후동1가, 한신휴플러스)",35.8293595,127.1601659
546,한라비발디어린이집,전라북도 전주시 덕진구 송천동2가 천마산로 115 205동105호(송천동 한라비발디2단지),35.8654381,127.1347229
547,한라아이원어린이집,전라북도 전주시 덕진구 송천동2가 천마산로 115 209동 관리동,35.8643523,127.1285806
548,한마음어린이집,전라북도 전주시 완산구 계룡산길 44-6 (삼천동2가),35.7906033,127.104793
549,한빛어린이집,전라북도 전주시 덕진구 와룡로 109-13,35.8688713,127.1130156
550,한샘어린이집,전라북도 전주시 덕진구 초포로 228-9,35.87369,127.1466564
551,한솔빛어린이집,전라북도 전주시 덕진구 무삼지6길 8 (인후동1가),35.8281982,127.1640516
552,한솔어린이집,전라북도 전주시 완산구 유연로 349-18 (서신동),35.8262615,127.124337
553,한아름어린이집,"전라북도 전주시 완산구 효자동2가 호암로 40 205동 103호(효자동2가,골든팰리스휴먼시아)",35.8085729,127.099382
554,한우리어린이집,"전라북도 전주시 완산구 서곡로 11 105동 103호(효자동3가, 서곡대림)",35.8327191,127.0972829
555,해나라가정어린이집,"전라북도 전주시 덕진구 붓내3길 29 105동 103호(송천동2가, 주공아파트)",35.8680209,127.1252793
556,해달별어린이집,"전라북도 전주시 완산구 당산로 55 201동 105호(서신동, 남양대명)",35.8329972,127.1148368
557,해뜨는어린이집,"전라북도 전주시 완산구 장승배기로 15 402동 104호(삼천동1가, 주공아파트)",35.7931408,127.1139212
558,해뜰어린이집,"전라북도 전주시 완산구 새터로 95 관리동(서신동, 동아한일)",35.8362568,127.1177841
559,해랑꿈이랑어린이집,"전라북도 전주시 완산구 거마평로 93 501동 106호(효자동1가, 쌍용모악파크빌라)",35.8008344,127.1156986
560,해맑은어린이집,전라북도 전주시 완산구 안행8길 30 (삼천동1가),35.8001944,127.1323655
561,해미리어린이집,전라북도 전주시 덕진구 배미실마을길 18,35.8645996,127.1580992
562,해바라기어린이집,전라북도 전주시 덕진구 가리내로 590 (송천동1가),35.8618348,127.1174144
563,해사랑어린이집,"전라북도 전주시 덕진구 호성2길 16 106동 101호(호성동1가, 동아)",35.859995,127.152388
564,해성어린이집,"전라북도 전주시 덕진구 진북로 15 102동 104호(진북동, 동국해성)",35.8265538,127.1336407
565,해솜어린이집,"전라북도 전주시 완산구 모악로 4681 102동 101호(평화동2가, 미송평화하이죤)",35.787307,127.1283648
566,해오름어린이집,"전라북도 전주시 완산구 인봉남로 56 101동 104호(중노송동, 우성해오름아파트)",35.8259726,127.1601485
567,해오름재능어린이집,전라북도 전주시 덕진구 송천동2가 사근1길 11 현대3차@303동102호,35.8671322,127.1287512
568,해와달어린이집,전라북도 전주시 완산구 공북3길 27-2 (태평동),35.8269998,127.1388261
569,해와솔어린이집,전라북도 전주시 덕진구 인후동1가 무삼지로 10 아중마을부영6차아파트 관리사무소1층,35.8279709,127.166582
570,해피랜드24시어린이집,"전라북도 전주시 완산구 새터로 100 101동 102호(서신동, 대우대창)",35.8348303,127.1184753
571,해피안어린이집,"전라북도 전주시 완산구 평화7길 40 관리동(평화동2가, 송정써미트)",35.7856427,127.1381146
572,해피자이어린이집,"전라북도 전주시 덕진구 송천동1가 두간6길 10 103동 102호(송천동1가, 송천자이 아파트)",35.8659651,127.1189994
573,해피트리어린이집,"전라북도 전주시 완산구 삼천천변3길 20 106동 102호(삼천동1가, 호반리젠시빌)",35.7973625,127.1116158
574,햇살나라어린이집,전라북도 전주시 덕진구 인후동1가 무삼지5길 6-3 1층,35.8276921,127.1645107
575,햇살아이어린이집,"전라북도 전주시 덕진구 호성로 136 201동 106호(호성동1가, 진흥더블파크2단지)",35.8640412,127.1471197
576,햇살어린이집,"전라북도 전주시 완산구 당산로 34 101동 104호(서신동, 비사벌)",35.8316841,127.111485
577,행복나무어린이집,"전라북도 전주시 덕진구 석소로 55 101동 104호(인후동1가, 아중현대)",35.8320656,127.1658528
578,행복숲어린이집,전라북도 전주시 덕진구 백동로 32 (인후동2가),35.8476141,127.1497942
579,행복웃음어린이집,"전라북도 전주시 완산구 세내로 241 104동 103호(효자동2가, 효자1차엘드수목토)",35.8124162,127.1097267
580,행복주머니어린이집,"전라북도 전주시 완산구 평화로 120 102동 101호(평화동2가, 경복궁아파트)",35.78725300000001,127.13528
581,행복한가정어린이집,"전라북도 전주시 완산구 평화로 95 103동 101호(평화동2가, 호반리젠시빌)",35.78564009999999,127.1323649
582,행복한미키어린이집,"전라북도 전주시 완산구 평화동1가 덕적골1길 50 103동 104호(평화동 1가, 오네뜨아파트)",35.7935285,127.139364
583,행복한어린이집,"전라북도 전주시 완산구 장승배기로 15 405동 104호(삼천동1가, 삼천주공4단지)",35.7982034,127.1284962
584,현대아이사랑어린이집,"전라북도 전주시 완산구 세내로 545 105동 102호(효자동3가,서곡현대)",35.8333215,127.0989829
585,현대어린이집,전라북도 전주시 완산구 인정2길 12 (중화산동2가),35.8197755,127.1192535
586,현대코끼리어린이집,"전라북도 전주시 덕진구 솔내로 124 203동 101호(송천동1가, 송천현대2차아파트)",35.8612162,127.1279181
587,현대키즈 어린이집,"전라북도 전주시 덕진구 석소로 55 114동 104호(인후동1가, 아중현대)",35.8320656,127.1658528
588,현대피노키오어린이집,"전라북도 전주시 덕진구 석소로 55 106동 101호(인후동1가, 아중현대)",35.8320656,127.1658528
589,현어린이집,"전라북도 전주시 덕진구 호성로 170 304동 103호(호성동2가, 진흥더블유파크아파트)",35.8660771,127.1456385
590,혜윰어린이집,"전라북도 전주시 완산구 장승배기로 15 404동 103호(삼천동1가, 주공아파트)",35.7931408,127.1139212
591,호남어린이집,전라북도 전주시 완산구 삼산길 26 (삼천동3가),35.799593,127.0800769
592,호두나무어린이집,전라북도 전주시 덕진구 가리내로 216 휴먼빌아파트 관리동 1층 (덕진동2가),35.839405,127.11288
593,호반아이잼어린이집,전라북도 전주시 덕진구 오공로 71 혁신호반베르디움1차아파트 관리동,35.8259759,127.1080952
594,호반어린이집,"전라북도 전주시 완산구 유연로 217-11 관리동(효자동3가, 호반베르디움)",35.8259759,127.1080952
595,호반예꼬별어린이집,전라북도 전주시 덕진구 출판로 87 209동101호(호반베르디움 더클래스) 관리동,35.8408369,127.0629392
596,효성어린이집,전라북도 전주시 덕진구 송천동2가 사근1길 11 현대3차아파트307동108호,35.8678266,127.1284734
597,효자아이꿈어린이집,"전라북도 전주시 완산구 거마평로 217 101동 106호(효자동1가, 뷰티빌아파트)",35.8109442,127.1140318
598,효자제일어린이집,전라북도 전주시 완산구 신촌1길 44-3 (효자동3가),35.8140163,127.113511
599,훈민정음어린이집,전라북도 전주시 덕진구 모래내5길 52 (금암동),35.8370525,127.1434327
600,휴먼빌어린이집,"전라북도 전주시 덕진구 가리내로 216 501동 103호(덕진동2가, 휴먼빌아파트)",35.839405,127.11288
601,휴먼시아맑은샘어린이집,"전라북도 전주시 완산구 용호로 20 307동 1층(효자동2가, 휴먼시아3단지아파트)",35.8082635,127.1004345
602,휴먼시아밝은빛어린이집,"전라북도 전주시 완산구 호암로 88 관리동1층(효자동2가, 효자휴먼시아6단지)",35.8071592,127.102836
603,휴먼시아숲속어린이집,"전라북도 전주시 완산구 호암로 2 1블럭관리동내(효자동2가, 휴먼시아)",35.8082328,127.0968288
604,휴먼시아어린이집,"전라북도 전주시 완산구 소태정로 1 402동 103호(효자동2가, 휴먼시아아이린)",35.8063056,127.0968392
605,휴먼시아해오름어린이집,"전라북도 전주시 완산구 호암로 87 관리동(효자동2가, 휴먼시아5단지)",35.80716719999999,127.1028014
606,휴플러스어린이집,"전라북도 전주시 완산구 따박골4길 10 104동 104호(효자동1가, 한신휴플러스)",35.8069172,127.1270029
607,흥건어린이집,"전라북도 전주시 완산구 삼천천변1길 46 105동 101호(삼천동1가, 흥건삼천1차)",35.7943862,127.1158865
608,희망어린이집,"전라북도 전주시 덕진구 호성동1가 호성로 136 202동 103호(호성동1가, 진흥더블파크아파트)",35.8641884,127.146944
609,희망찬어린이집,"전라북도 전주시 덕진구 호성2길 16 101동 101호(호성동1가, 동아)",35.859995,127.152388
610,힐스테이트어린이집,전라북도 전주시 완산구 효자동3가 세내로 291,35.8139361,127.1056629
