지역,상호,타입,주소,위도,경도
광주광역시,(주)대원 강변주유소,주유소,광주 서구 천변좌하로 142 (치평동),35.1524332,126.8564064
광주광역시,반디석유시청점,주유소,광주 서구 천변좌하로 160 (치평동),35.1536569,126.8362139
광주광역시,(주)아프리카주유소,주유소,광주광역시 서구  천변좌하로 168 (치평동),35.1557753,126.8378471
광주광역시,한강주유소,주유소,광주 서구 천변좌로 6 (광천동),35.1638701,126.8863197
광주광역시,우리셀프주유소,주유소,광주 서구 죽봉대로 24 (농성동),35.15559,126.8837787
광주광역시,벽진주유소,주유소,광주 서구 상무대로 616 (벽진동),35.1396117,126.8325577
광주광역시,백일주유소,주유소,광주 서구 화정로 68 (쌍촌동),35.1443755,126.8646167
광주광역시,풍암대림주유소,주유소,광주 서구 풍서좌로 83 (매월동),35.1210242,126.8587523
광주광역시,(유)매월주유소,주유소,광주 서구  회재로 845,35.1195214,126.85816
광주광역시,서창동화주유소,주유소,광주 서구 회재로 490,35.1054254,126.8255001
광주광역시,(주)대원 자유로주유소,주유소,광주 서구 상무자유로 18 (치평동),35.1512611,126.8361129
광주광역시,운천주유소,주유소,광주 서구 상무대로 758,35.1452238,126.8464035
광주광역시,가람주유소,주유소,광주 서구 상무대로1206번길 3 (농성동),35.1553022,126.8938657
광주광역시,돌고개주유소,주유소,광주 서구 경열로 54 (농성동),35.1497749,126.8923114
광주광역시,상무주유소,주유소,광주 서구 풍서우로 408 (마륵동),35.1418287,126.8329848
광주광역시,시민주유소,주유소,광주 서구 눌재로 328,35.1107571,126.8250386
광주광역시,대동에너지주유소,주유소,광주 서구 회재로 783,35.1161555,126.8530861
광주광역시,서창농협주유소,주유소,광주 서구 회재로 527 (서창동),35.1100266,126.8235123
광주광역시,서광주역주유소(SK),주유소,광주 서구 풍서우로 152,35.1276938,126.8454549
광주광역시,지에스칼텍스㈜ 스카이주유소,주유소,광주 서구 상무대로 655,35.1411041,126.836556
광주광역시,아세아주유소,주유소,광주 서구 내방로 264 (쌍촌동),35.1574985,126.8696094
광주광역시,(주)믿음직영 부일주유소,주유소,광주 서구 상무대로 933,35.1516029,126.8639599
광주광역시,상록주유소,주유소,광주 서구 상무대로 1180,35.1543676,126.8906264
광주광역시,(주)대창석유직영 염주주유소,주유소,광주 서구 월드컵4강로 120 (화정동),35.1473374,126.8722345
광주광역시,(주)일프로주유소,주유소,광주 서구 운천로 206 (치평동),35.1509261,126.8557405
광주광역시,매월유통단지주유소,주유소,광주 서구 회재로 746 (매월동),35.1227689,126.8551744
광주광역시,영광주유소,주유소,광주 서구 풍서우로 128(매월동),35.1335748,126.8340128
광주광역시,광주화정셀프주유소,주유소,광주 서구 화운로 180 (화정동),35.1549836,126.8770701
광주광역시,대양케미칼주유소/충전소,주유소,광주 서구 풍서좌로 255 (세하동),35.1273071,126.8417706
광주광역시,현대오일뱅크㈜직영 공항가는길주유소,주유소,광주 서구 상무대로 699 (마륵동),35.1412237,126.8393643
광주광역시,청우주유소,주유소,광주 서구 회재로 807 (매월동),35.1159821,126.851636
광주광역시,(유)신상무주유소,주유소,광주 서구 운천로 170,35.1476022,126.856925
광주광역시,(주)옥산주유소,주유소,광주 서구 풍서우로 172 (벽진동),35.1287922,126.843436
광주광역시,송원주유소,주유소,광주 서구 화운로 328 (광천동),35.1674808,126.8800883
광주광역시,예향주유소,주유소,광주 서구 풍암신흥로 2 (풍암동),35.119108,126.8641468
광주광역시,컨벤션주유소,주유소,광주 서구 상무대로 714,35.1432118,126.8422334
광주광역시,치평주유소,주유소,광주 서구 내방로 11 (치평동),35.1590996,126.8421466
광주광역시,상공주유소,주유소,광주 서구 대남대로472번길 44,35.1523651,126.8860554
광주광역시,시청주유소,주유소,광주 서구 천변좌하로 200 (치평동),35.1518445,126.8579259
광주광역시,오일패밀리주유소,주유소,광주 북구 빛고을대로 849,35.1633056,126.8552532
광주광역시,광남물류 광주지점 광주주유소,주유소,광주 북구 빛고을대로 825 (지야동),35.2335558,126.8823325
광주광역시,(유)착한주유소,주유소,광주 북구 동문대로 452 (장등동),35.2211927,126.9324037
광주광역시,무지개주유소,주유소,광주 북구 서하로 237 (오치동),35.1873498,126.906661
광주광역시,지에스칼텍스(주)클릭주유소,주유소,광주 북구 하남대로 743 (운암동),35.1719148,126.874026
광주광역시,(주)레드카펫주유소,주유소,광주 북구 용봉로 24 (신안동),35.1712907,126.8994925
광주광역시,스피드주유소,주유소,광주 북구  설죽로 226,35.1797553,126.8984716
광주광역시,(주)아승클린주유소,주유소,광주 북구 우치로 170 (용봉동),35.1742158,126.912024
광주광역시,히어로주유소,주유소,광주 북구 서암대로 128,35.1698664,126.8981813
광주광역시,자모셀프주유소,주유소,광주 북구 우치로 7 (중흥동),35.1662717,126.9130029
광주광역시,(주)알리바바주유소,주유소,광주 북구 서암대로 323 (우산동),35.1696074,126.9194654
광주광역시,SK에너지(주)직영 경기장주유소,주유소,광주 북구 무등로 76 (임동),35.1577103,126.9018476
광주광역시,용두우리주유소,주유소,광주광역시 북구 빛고을대로 652 (용두동),35.2233674,126.8725815
광주광역시,(주)반디석유,주유소,광주 북구 하남대로 819 (운암동),35.171525,126.882526
광주광역시,금하주유소,주유소,광주 북구 하남대로 777 (운암동),35.171479,126.8778664
광주광역시,동림주유소,주유소,광주 북구 북문대로 253,35.1871248,126.8644901
광주광역시,㈜에코주유소,주유소,광주 북구 무등로 213,35.1651784,126.9070555
광주광역시,(주)대창석유직영 운암주유소,주유소,광주 북구 북문대로 34 (운암동),35.1751712,126.8820763
광주광역시,전대주유소,주유소,광주 북구 무등로 165 (신안동),35.1678705,126.8997494
광주광역시,서림주유소,주유소,광주 북구 무등로 126 (신안동),35.1664341,126.904469
광주광역시,챔피언주유소,주유소,광주 북구 무등로 180 (신안동),35.1651228,126.903598
광주광역시,성실주유소,주유소,광주 북구 우치로 347 (삼각동),35.1959883,126.90273
광주광역시,서광주IC주유소,주유소,광주 북구 하서로 47 (운암동),35.183041,126.8810803
광주광역시,지에스칼텍스(주)용봉천주유소,주유소,광주 북구 설죽로 183 (용봉동),35.176081,126.8964551
광주광역시,용전주유소,주유소,광주 북구 우치로 809,35.2345655,126.8941464
광주광역시,까치주유소,주유소,광주 북구 하서로 211,35.1944728,126.8766631
광주광역시,첨단제일주유소,주유소,광주 북구 삼소로 191 (대촌동),35.2258026,126.8610119
광주광역시,(주)한일주유소,주유소,광주 북구 하서로 225,35.1954075,126.8764647
광주광역시,(주)차나라주유소,주유소,광주 북구 동문대로 138,35.1749944,126.9272138
광주광역시,신용주유소,주유소,광주 북구 임방울대로 959 (신용동),35.2153153,126.8629565
광주광역시,신용구도일주유소,주유소,광주 북구 임방울대로 953,35.2154707,126.8622272
광주광역시,평화셀프주유소,주유소,광주 북구 경열로 257(신안동),35.1623648,126.907609
광주광역시,북성주유소,주유소,광주 북구 금남로 49 (임동),35.1589601,126.9015026
광주광역시,첨단용두주유소,주유소,광주 북구  빛고을대로 663,35.1633056,126.8552532
광주광역시,현대오일뱅크(주)직영 동천마을셀프주유소,주유소,광주 북구 하남대로 691 (동림동),35.1720911,126.8683712
광주광역시,동부에너지주유소,주유소,광주 북구 하서로 571 (본촌동),35.2183199,126.883819
광주광역시,세본주유소,주유소,광주 북구 용주로 21,35.1814874,126.9004135
광주광역시,지산주유소,주유소,광주 북구 양산택지로 157,35.2173315,126.8781023
광주광역시,천보주유소,주유소,광주 북구 우치로 812 (용전동),35.2407301,126.8960891
광주광역시,(유)플러스주유소,주유소,광주 북구  설죽로 408 (삼각동),35.1956344,126.9003041
광주광역시,망월주유소,주유소,광주 북구 동문대로 603 (망월동),35.207419,126.9551617
광주광역시,패밀리셀프주유소,주유소,광주 북구 우치로 670,35.2241556,126.9023745
광주광역시,무등주유소,주유소,광주 북구 무등로 142 (신안동),35.1639316,126.9023435
광주광역시,(주)일곡우리주유소,주유소,광주 북구 우치로 595 (일곡동),35.2077608,126.8909297
광주광역시,코끼리주유소(SK),주유소,광주 북구 서하로 77 (매곡동),35.1895253,126.8925347
광주광역시,동문주유소,주유소,광주 북구 서하로 468,35.1807585,126.9291153
광주광역시,현대오일뱅크(주)직영 빛고을로셀프주유소,주유소,광주 북구 빛고을대로 657 (용두동),35.1633056,126.8552532
광주광역시,매곡주유소,주유소,광주 북구 서하로 86 (매곡동),35.1896395,126.8928933
광주광역시,(주)케이피유통(본촌주유소),주유소,광주 북구 하서로 530 (본촌동),35.220949,126.8829054
광주광역시,SK에너지(주) 문흥주유소,주유소,광주 북구 서하로 286 (오치동),35.186809,126.9116695
광주광역시,고려주유소,주유소,광주 북구 설죽로 398 (삼각동),35.1947269,126.9002252
광주광역시,대성주유소,주유소,광주 북구 천지인로 91 (오치동),35.1843214,126.9085922
광주광역시,지에스칼텍스(주)북광주IC주유소,주유소,광주 북구 삼소로 330 (월출동),35.2479975,126.8721499
광주광역시,문화주유소,주유소,광주 북구 동문대로 299 (문흥동),35.1886453,126.9262485
광주광역시,첨단북광주IC주유소,주유소,광주광역시 북구 삼소로 318 (월출동),35.2475859,126.8730577
광주광역시,테크노파크주유소,주유소,광주 북구 삼소로 307 (월출동),35.2473811,126.8737088
광주광역시,도동재주유소,주유소,광주 북구 동문대로 410,35.1981474,126.9352892
광주광역시,북광주IC주유소,주유소,광주 북구 하서로 678 (지야동),35.2345249,126.8734218
광주광역시,현대오일뱅크(주)직영 양산주유소,주유소,광주 북구 하서로 255 (양산동),35.2092861,126.8715422
광주광역시,현대오일뱅크(주) 대림셀프주유소,주유소,광주 북구 하서로 380 (양산동),35.2103021,126.873851
광주광역시,두암주유소,주유소,광주 북구 군왕로 103 (두암동),35.1703631,126.9323078
광주광역시,광주화물터미널(주),주유소,광주 북구 동문대로 280 (각화동),35.1813598,126.9387502
광주광역시,SK에너지(주) 으뜸주유소,주유소,광주 북구 군왕로 177 (두암동),35.1770732,126.9337669
광주광역시,일신주유소,주유소,광주 북구 설죽로 645 (일곡동),35.2150941,126.8999934
광주광역시,주공주유소,주유소,광주 북구 북문대로 190 (운암동),35.1851938,126.8708169
광주광역시,SK에너지 일곡제일주유소,주유소,광주 북구 설죽로 421 (삼각동),35.1968571,126.8996529
광주광역시,용전IC주유소,주유소,광주 북구 우치로 842 (용전동),35.2380001,126.8938888
광주광역시,세오(주)직영 미래주유소,주유소,광주 북구 임방울대로 979 (신용동),35.2147967,126.864944
광주광역시,일곡주유소,주유소,광주 북구 우치로422번길 22 (삼각동),35.2045394,126.9023179
광주광역시,(주)안국에너지 우신주유소,주유소,광주 북구 동문대로 218 (각화동),35.181928,126.9367359
광주광역시,(주)반디석유 산수점,주유소,광주 동구 필문대로 164,35.1560015,126.9312069
광주광역시,(주)대창석유직영 지산주유소,주유소,광주 동구 필문대로 219 (지산동),35.1510858,126.9309496
광주광역시,(주)대창석유직영 동명주유소,주유소,광주 동구 필문대로 237 (동명동),35.1527903,126.9203726
광주광역시,삼영아름주유소,주유소,광주 동구 남문로 523 (용산동),35.1095083,126.9201748
광주광역시,(주)아승그린주유소,주유소,광주 동구 필문대로153번길 3,35.1571625,126.9319194
광주광역시,주남셀프주유소,주유소,광주 동구 남문로 350,35.1196779,126.9327871
광주광역시,현대오일뱅크(주)직영 학운IC주유소,주유소,광주 동구 의재로 111 (운림동),35.1323521,126.9398649
광주광역시,솔바우주유소,주유소,광주 동구 남계길 4 (내남동),35.0965683,126.9399346
광주광역시,학동주유소,주유소,광주 동구 남문로 705 (학동),35.1336209,126.932735
광주광역시,독립로주유소,주유소,광주 남구 독립로 143,35.1462057,126.9034134
광주광역시,서양새마을금고주유소,주유소,광주 남구 독립로 140 (월산동),35.1460182,126.9039087
광주광역시,남선석유(주)빛고을주유소,주유소,광주 남구 서문대로 42,35.1098938,126.8786422
광주광역시,알라딘효천,주유소,광주 남구 서문대로 37 (이장동),35.1137562,126.8905454
광주광역시,송암B주유소,주유소,광주 남구 서문대로 483,35.1084131,126.8858023
광주광역시,광주대주유소,주유소,광주 남구 서문대로 566 (송하동),35.1046062,126.8757093
광주광역시,(주)대동주유소,주유소,광주 남구 대남대로 153,35.1335318,126.9082631
광주광역시,(주)온누리주유소,주유소,광주 남구 금화로 407 (월산동),35.14873,126.8950312
광주광역시,효천산업주유소,주유소,광주 남구 서문대로 329 (임암동),35.1069143,126.8680213
광주광역시,마트몰(주)대남로주유소,주유소,광주 남구  대남대로 399 (월산동),35.1496794,126.894755
광주광역시,대원주유소,주유소,광주 남구 대남대로 329 (월산동),35.1510936,126.902089
광주광역시,캡틴월산주유소,주유소,광주 남구 대남대로 336 (월산동),35.1514282,126.9012175
광주광역시,늘푸른주유소,주유소,광주 남구 독립로 69 (백운동),35.1399474,126.9018272
광주광역시,효천주유소,주유소,광주 남구 서문대로 321 (임암동),35.1059614,126.8701339
광주광역시,SK월드컵주유소,주유소,광주 남구 금화로 412 (월산동),35.1481592,126.8952058
광주광역시,미래주유소,주유소,광주 남구 금화로 380 (주월동),35.129978,126.8968602
광주광역시,무지개주유소,주유소,광주 남구 독립로 24 (백운동),35.1356872,126.9018932
광주광역시,대촌(상)주유소,주유소,광주 남구 회재로 206 (지석동),35.0808799,126.8340059
광주광역시,화력주유소,주유소,광주 남구 회재로 338(압촌동),35.0931104,126.8274271
광주광역시,대촌주유소,주유소,광주 남구 고싸움로 169,35.0817811,126.8315565
광주광역시,양촌주유소,주유소,광주 남구 포충로 121 (양촌동),35.0665451,126.7880716
광주광역시,지에스칼텍스㈜ 21세기주유소,주유소,광주 남구 서문대로 697 (진월동),35.121637,126.8981948
광주광역시,(주)대창석유직영 남광주주유소,주유소,광주 남구 서문대로 799 주월동),35.1292132,126.8968709
광주광역시,현대오일뱅크㈜직영 백운셀프주유소,주유소,광주 남구 서문대로 781,35.1292199,126.8974453
광주광역시,송암공단주유소(H),주유소,광주 남구 송암로 49 (송하동),35.1094335,126.8773059
광주광역시,창조주유소,주유소,광주 남구 서문대로 452,35.1067807,126.8834541
광주광역시,국제주유소,주유소,광주 남구 봉선로 50 (주월동),35.1288364,126.9038657
광주광역시,지에스칼텍스㈜ 풍암주유소,주유소,광주 남구 회재로 1208,35.1327564,126.8936243
광주광역시,남선(주)구도일주유소월드컵,주유소,광주 남구 회재로 1190 (주월동),35.1318402,126.89171
광주광역시,지에스칼텍스㈜ 봉선주유소,주유소,광주 남구 봉선2로 30,35.1254811,126.9099219
광주광역시,새롬주유소,주유소,광주 남구 산남로 678 (양과동),35.0785969,126.8650003
광주광역시,공항주유소,주유소,광주 광산구 상무대로 435-2  (신촌동),35.1267933,126.8162155
광주광역시,(유)모우리주유소,주유소,광주 광산구 소촌로 68 (소촌동),35.1505318,126.7938029
광주광역시,우리주유소,주유소,광주 광산구 목련로 225 (운남동),35.1725396,126.8222853
광주광역시,한진주유소,주유소,광주 광산구 송도로 244 (송정동),35.1360034,126.8036528
광주광역시,태평양주유소,주유소,광주 광산구 송도로 92 (황룡동),35.1149765,126.7889987
광주광역시,(주)평동제일주유소,주유소,광주 광산구 동곡로 552 (장록동),35.1345581,126.7741507
광주광역시,알라딘신창,주유소,광주 광산구 북문대로 399,35.1924747,126.8499876
광주광역시,국가대표주유소,주유소,광주 광산구 영광로 3497,35.1601457,126.6894018
광주광역시,천우주유소,주유소,광주 광산구 어등대로 50 (지평동),35.1530153,126.7371227
광주광역시,호대아름주유소,주유소,광주 광산구 어등대로 473,35.1516366,126.7746434
광주광역시,삼도주유소,주유소,광주 광산구 삼도로 327(도덕동),35.1640391,126.7005691
광주광역시,화산주유소,주유소,광주 광산구 북문대로 393 (신창동),35.1896547,126.8484485
광주광역시,빛그린주유소,주유소,광주 광산구 영광로 3797,35.1583626,126.7204088
광주광역시,낙원주유소,주유소,광주 광산구 동곡로 259 (복룡동),35.1099346,126.7801155
광주광역시,(주)버들주유소,주유소,광주광역시 광산구 동곡로 510(월전동),35.1210422,126.7726144
광주광역시,원우주유소,주유소,광주 광산구 동곡로 72 (본덕동),35.0892179,126.7726476
광주광역시,동곡농협주유소,주유소,광주 광산구 동곡로 383,35.1165896,126.7799338
광주광역시,프라임주유소,주유소,광주 광산구 목련로 216 (운남동),35.1716829,126.8213207
광주광역시,다온(주) 장미주유소,주유소,광주 광산구 송도로 205 (도산동),35.1325813,126.7952878
광주광역시,빛고을Self주유소,주유소,광주 광산구 하남대로 338 (신가동),35.1784492,126.8304943
광주광역시,반디석유운남점,주유소,광주 광산구 하남대로 364,35.1779949,126.8332937
광주광역시,you주유소,주유소,광주 광산구 어등대로 667 (소촌동),35.1523023,126.7934202
광주광역시,진양주유소,주유소,광주 광산구 동곡로 664 (송촌동),35.1403686,126.7769302
광주광역시,평동천우주유소,주유소,광주 광산구 동곡로 655 (송촌동),35.1403686,126.7769302
광주광역시,산월Self주유소,주유소,광주 광산구 북문대로 579 (수완동),35.2055133,126.8344817
광주광역시,굿모닝주유소,주유소,광주 광산구 북문대로 389 (신창동),35.1896547,126.8484485
광주광역시,동화주유소,주유소,광주 광산구 어등대로 247,35.1520186,126.7509739
광주광역시,(주)동행행복주유소,주유소,광주 광산구  북문대로 364-5 (신창동),35.1909532,126.849707
광주광역시,지에스칼텍스(주)신창셀프주유소,주유소,광주 광산구 북문대로 350,35.1905405,126.8549514
광주광역시,동일주유소,주유소,광주 광산구  동곡로 450 (월전동),35.1227921,126.7750262
광주광역시,한성골드주유소,주유소,광주 광산구 동곡로 407 (월전동),35.1218788,126.7741183
광주광역시,크로바주유소,주유소,광주 광산구 사암로 127 (우산동),35.1599796,126.8086126
광주광역시,농협하나로주유소,주유소,광주 광산구 임방울대로 261 (신가동),35.1804813,126.821882
광주광역시,진영주유소,주유소,광주 광산구 송도로 292 (송정동),35.135439,126.8030527
광주광역시,강남주유소,주유소,광주 광산구 동곡로 104 (하산동),35.0991515,126.7704708
광주광역시,하남공단주유소,주유소,광주 광산구 손재로 179 (하남동),35.1814684,126.7945998
광주광역시,송정농협주유소,주유소,광주 광산구 송도로 295 (송정동),35.1355371,126.8032258
광주광역시,남선석유(주) 동곡주유소,주유소,광주 광산구 동곡로 171 (하산동),35.0962594,126.7708641
광주광역시,수완주유소,주유소,광주 광산구 북문대로 639 (수완동),35.1982207,126.8286948
광주광역시,(주)돼지꿈주유소(H),주유소,광주 광산구 동곡로 839,35.1558733,126.7803013
광주광역시,마트몰(주)송헌지점,주유소,광주 광산구 사암로 104 (우산동),35.1490875,126.8098206
광주광역시,(주)대각주유소,주유소,광주 광산구 용아로 143 (소촌동),35.1562003,126.7995867
광주광역시,내트럭(주) 광주평동사업소,주유소,광주 광산구 평동산단9번로 145,35.133297,126.7610826
광주광역시,(주)명진주유소,주유소,광주 광산구 고봉로 21 (하남동),35.1922079,126.7887864
광주광역시,신촌주유소,주유소,광주 광산구 사암로 63 (신촌동),35.1442129,126.8272872
광주광역시,(주)명당주유소,주유소,광주 광산구 사암로 865 (도천동),35.2132892,126.8193898
광주광역시,CJ대한통운㈜ 신세계주유소,주유소,광주 광산구 사암로 660 (장덕동),35.1916079,126.8088137
광주광역시,미스두바이주유소,주유소,광주 광산구 사암로 788 (도천동),35.2152309,126.8267148
광주광역시,(유)효창주유소,주유소,광주 광산구 사암로 744 (도천동),35.2137879,126.8206025
광주광역시,실크로드주유소,주유소,광주 광산구 사암로 866,35.2169857,126.8248443
광주광역시,(유)학곡 수완현대주유소,주유소,광주 광산구 임방울대로 472 (수완동),35.1982207,126.8286948
광주광역시,(주)햇살가득주유소,주유소,광주 광산구 임방울대로 493 (수완동),35.1982207,126.8286948
광주광역시,광주비아농협주유소,주유소,광주 광산구 임방울대로 600 (도천동),35.2058081,126.8137718
광주광역시,(주)대창석유직영 공단주유소,주유소,광주 광산구 사암로 800 (도천동),35.2132892,126.8193898
광주광역시,수완행복셀프주유소,주유소,광주 광산구 왕버들로 113,35.2022347,126.8231548
광주광역시,어등산주유소,주유소,광주 광산구 무진대로 68,35.1598897,126.7885468
광주광역시,OK클린주유소,주유소,광주 광산구 사암로 136 (우산동),35.1599796,126.8086126
광주광역시,광장주유소(s),주유소,광주 광산구 북문대로 907 (비아동),35.2220375,126.8243803
광주광역시,차사랑주유소,주유소,광주 광산구 상무대로 551,35.1422142,126.8259551
광주광역시,첨단현대주유소,주유소,광주 광산구 비아동원촌길 89 (비아동),35.2215491,126.8296566
광주광역시,(주)무진대로주유소,주유소,광주 광산구 무진대로 80,35.1679688,126.8922147
광주광역시,(주)대창석유직영 운수주유소,주유소,광주 광산구 동곡로 846 (운수동),35.1629561,126.777128
광주광역시,북문대로주유소,주유소,광주 광산구 북문대로 319 (신창동),35.1896547,126.8484485
광주광역시,평동농협명화지점주유소,주유소,광주 광산구 평동로 441 (명화동),35.1255088,126.7198479
광주광역시,SK시민주유소,주유소,광주 광산구 고봉로 249 (장수동),35.1783718,126.7842754
광주광역시,송정현대주유소,주유소,광주 광산구 송도로 104 (도산동),35.1262912,126.788474
광주광역시,첨단주유소,주유소,광주 광산구 첨단중앙로182번길 70,35.2215932,126.8491057
광주광역시,해피주유소,주유소,광주 광산구 건재로 761,35.0815549,126.7666657
광주광역시,선운주유소,주유소,광주 광산구 동곡로 606 (장록동),35.1345581,126.7741507
광주광역시,㈜대창석유직영 매일주유소,주유소,광주 광산구 동곡로 852 (운수동),35.1629561,126.777128
광주광역시,금성2주유소,주유소,광주 광산구 첨단과기로 33 (비아동),35.2212915,126.8301469
광주광역시,현대오일뱅크주유소,주유소,광주 광산구 고봉로 565 (산막동),35.2009623,126.7607616
광주광역시,지에스칼텍스(주) 웰컴신가주유소,주유소,광주 광산구 목련로 375 (신가동),35.1821062,126.8320942
광주광역시,임곡농협주유소,주유소,광주 광산구 고봉로 785 (임곡동),35.2217769,126.7421874
광주광역시,스마일주유소,주유소,광주 광산구 고봉로 541 (산막동),35.1983473,126.7660384
광주광역시,현대오일뱅크(주)직영 사랑받는주유소,주유소,광주 광산구 임방울대로 13  (우산동),35.150616,126.826055
광주광역시,지에스칼텍스(주)수완셀프주유소,주유소,광주 광산구 장신로 152 (수완동),35.189979,126.8265201
광주광역시,광주주유소,주유소,광주 광산구 동곡로 422 (월전동),35.1217476,126.774693
광주광역시,진곡산단주유소,주유소,"광주 광산구 임곡로 516,  (진곡동)",35.2122956,126.7896786
광주광역시,신광주셀프주유소,주유소,광주 광산구 목련로 372-8 (신가동),35.180941,126.8336171
광주광역시,이칠주유소,주유소,광주 광산구 상무대로 378 (신촌동),35.1327856,126.8169396
광주광역시,현대오일뱅크㈜직영 성현주유소,주유소,광주 광산구 손재로 415 (오선동),35.1996872,126.7935543
광주광역시,현대오일뱅크(주) 비아도천주유소,주유소,광주 광산구 사암로 841 (도천동),35.2132892,126.8193898
광주광역시,현대오일뱅크㈜직영 하남제일주유소,주유소,광주 광산구 사암로 754 (도천동),35.2132892,126.8193898
광주광역시,천지주유소,주유소,광주 광산구 영광로 3270  (삼거동),35.1674504,126.6665376
광주광역시,(주)평산주유소,주유소,광주 광산구 연산로 239 (연산동),35.1181002,126.7571163
광주광역시,우공주유소,주유소,광주 광산구 영광로 3492,35.1598156,126.6885521
광주광역시,이마트24서비스 광주수완주유소,주유소,광주 광산구 풍영로101번안길 19-2 (흑석동),35.1809588,126.8089587
광주광역시,SK에너지(주) 수완셀프주유소,주유소,광주 광산구 왕버들로 193 (수완동),35.2000442,126.8315113
광주광역시,에스주유소,주유소,광주 광산구 노안삼도로 983,35.1267465,126.6804996
광주광역시,내트럭(주)광주사업소,주유소,광주 광산구 손재로 327,35.1956092,126.7978503
광주광역시,대천주유소,주유소,광주 광산구 용진로 599 (산수동),35.1924141,126.7458233
광주광역시,지에스칼텍스(주)장수IC주유소,주유소,광주 광산구 고봉로 238,35.185834,126.7848834
광주광역시,유한회사 금성주유소,주유소,광주 광산구 임곡로 685 (안청동),35.2155895,126.796759
광주광역시,지에스칼텍스(주)어등산상주유소,주유소,광주 광산구 무진대로 125 (소촌동),35.1617672,126.7940553
광주광역시,보훈주유소,주유소,광주 광산구 첨단봉산안길 102,35.2061339,126.8490972
광주광역시,애경주유소,주유소,광주 광산구 손재로 25 (산정동),35.1677882,126.7996667
광주광역시,(주)에이치에스에너지 장수주유소,주유소,광주 광산구 고봉로 239 (장수동),35.1787829,126.7857261
광주광역시,송촌주유소,주유소,광주 광산구 동곡로 656,35.1401372,126.7767273
광주광역시,푸른솔주유소,주유소,광주광역시 광산구 고봉로 905 (광산동),35.2394762,126.7452211
광주광역시,하남농협주유소,주유소,광주 광산구 용아로 445,35.1828832,126.8044775
광주광역시,현대오일뱅크㈜직영 장덕셀프주유소,주유소,광주 광산구 왕버들로 59,35.152321,126.8050653
광주광역시,채움주유소,주유소,광주 광산구 사암로 820 (도천동),35.2132892,126.8193898
광주광역시,전송주유소,주유소,광주 광산구 어등대로 583,35.1509909,126.7868832
광주광역시,SK에너지(주) 태양셀프주유소,주유소,광주 광산구 용아로 330 (산정동),35.1727115,126.8040457
광주광역시,(주)신삼성로주유소,주유소,광주 광산구 사암로 708,35.206328,126.8145857
광주광역시,슈퍼크린주유소(s),주유소,광주 광산구 상무대로 372 (신촌동),35.1329614,126.8181473
광주광역시,흑석주유소,주유소,광주 광산구 사암로 415 (흑석동),35.1826215,126.8082045
광주광역시,(주)운남대교주유소,주유소,광주 광산구 임방울대로 14,35.1623933,126.8190959
광주광역시,한백석유첨단주유소(SK),주유소,광주 광산구 첨단과기로 53 (비아동),35.2220633,126.8323151
광주광역시,서강주유소,주유소,광주 광산구 목련로 250,35.1732579,126.8248712
광주광역시,만선주유소,주유소,광주 광산구 임곡로 795 (도천동),35.2132892,126.8193898
광주광역시,부싯돌주유소,주유소,광주 광산구 동곡로 645 (송촌동),35.1403686,126.7769302
광주광역시,(주)초당산업송초주유소,주유소,광주 광산구 금동학동길 315 (덕림동),35.1890575,126.6753142
광주광역시,성진주유소,주유소,광주 광산구 용아로 356 (산정동),35.1747559,126.8045098
광주광역시,하남현대주유소(H),주유소,광주 광산구 임곡로 573 (안청동),35.2137332,126.8032354
광주광역시,SK행복충전 제일에너지충전소,충전소,광주 광산구 목련로 358 (신가동),35.1801962,126.8322829
광주광역시,남동진LPG충전소,충전소,광주 광산구 임방울대로 16,35.1627053,126.8191068
광주광역시,SK행복충전 공항엘피지충전소,충전소,광주 광산구 상무대로 441 (신촌동),35.1284135,126.8181055
광주광역시,(주)영진에너지,충전소,광주 광산구 상무대로 483,35.1436089,126.8186573
광주광역시,반디가스 신가점,충전소,광주 광산구 하남대로 361 (신가동),35.1787417,126.8334334
광주광역시,빛고을충전소,충전소,광주 광산구 하남대로 378 (신가동),35.1774933,126.8352187
광주광역시,광산IC LPG충전소,충전소,광주 광산구 사암로 860-38 (도천동),35.2172744,126.8215307
광주광역시,오렌지LPG충전소,충전소,광주 광산구 상무대로 467 (신촌동),35.1229711,126.8178407
광주광역시,부경LPG충전소,충전소,광주 광산구 동곡로 542 (장록동),35.1345581,126.7741507
광주광역시,SK행복충전 더드론 수완충전소,충전소,광주 광산구 왕버들로 197 (수완동),35.199918,126.8319831
광주광역시,(주)대창석유직영양지LPG충전소,충전소,광주 광산구 무진대로 60 (소촌동),35.1597819,126.7877768
광주광역시,SK행복충전 만남의광장충전소,충전소,광주 광산구 무진대로 79 (소촌동),35.1611024,126.7892214
광주광역시,진솔가스,충전소,광주 광산구 영광로 3498,35.1595226,126.6894634
광주광역시,반디가스 첨단점,충전소,광주 광산구 첨단봉산안길 94 (산월동),35.2061847,126.8510517
광주광역시,명성가스,충전소,광주 광산구 사암로 896,35.2192294,126.826532
광주광역시,수완LPG충전소,충전소,광주 광산구 사암로 668 (장덕동),35.1904725,126.8102154
광주광역시,SK행복충전 제일에너지충전소 동곡점,충전소,광주 광산구 동곡로 123,35.0946417,126.7726694
광주광역시,SK행복충전 광주엘피지충전소,충전소,광주 광산구 동곡로 122 (하산동),35.0984536,126.7710681
광주광역시,동일가스㈜,충전소,광주 광산구 동곡로 456 (월전동),35.1225806,126.7748835
광주광역시,신창LPG충전소,충전소,광주 광산구 북문대로 354,35.1908587,126.8542871
광주광역시,대성가스(주)지평선충전소,충전소,광주광역시 광산구 영광로3777,35.1590235,126.7189782
광주광역시,신공항LPG충전소,충전소,광주 광산구 상무대로 404,35.1436688,126.8100333
광주광역시,금정LPG충전소,충전소,광주 광산구 북문대로 365 (신창동),35.1909912,126.8498218
광주광역시,SK행복충전 한일엘피지충전소,충전소,광주 광산구 북문대로420번길 92,35.1925635,126.8526984
광주광역시,SK행복충전 한일에너지충전소,충전소,광주 광산구 북문대로 619-20 (수완동),35.1982207,126.8286948
광주광역시,SK행복충전 효천엘피지충전소,충전소,광주 남구 서문대로 297,35.0948315,126.8761944
광주광역시,반디가스 송암점,충전소,광주 남구 송암로 28 (송하동),35.1084335,126.8797021
광주광역시,광주LPG충전소,충전소,광주 남구 송암로 106 (송하동),35.1139578,126.8738421
광주광역시,(주)금정남광주lpg충전소,충전소,광주 남구  서문대로 497 (송하동),35.1119472,126.8835505
광주광역시,SK행복충전 동부충전소,충전소,광주 동구 남문로 615 (용산동),35.114309,126.9153111
광주광역시,반디가스 지원점,충전소,광주 동구 남문로 397,35.1196779,126.9327871
광주광역시,(주)도시산업엘피지,충전소,광주 북구 무등로137번길 8 (신안동),35.1673404,126.8992406
광주광역시,매일LPG,충전소,광주 북구 우치로 850,35.2381,126.8932865
광주광역시,(주)무등LPG충전소,충전소,광주 북구 하서로 553 (본촌동),35.220949,126.8829054
광주광역시,반디가스 운암본점,충전소, 광주광역시 북구 운신남길 146,35.1718597,126.882867
광주광역시,패밀리LPG충전소,충전소,광주 북구 우치로 654,35.1888835,126.9072298
광주광역시,광산업단지충전소,충전소,광주 북구 삼소로 330,35.2404972,126.8699212
광주광역시,대창석유 국일충전소,충전소,광주 북구 탁영로 11 (두암동),35.1667822,126.9340845
광주광역시,반디가스 일곡점,충전소,광주 북구 우치로 585 (일곡동),35.2079669,126.8906018
광주광역시,SK행복충전 바로오케이충전소,충전소,광주 북구 하남대로 763 (운암동),35.1716108,126.8760325
광주광역시,SK행복충전 미래엘피지충전소,충전소,광주 북구 임방울대로 983 (신용동),35.2146729,126.8654872
광주광역시,SK행복충전 동광주LPG충전소,충전소,광주 북구 동문대로 560 (망월동),35.2045129,126.9525511
광주광역시,동화가스(주),충전소,광주 북구 각화대로 39,35.1812044,126.9354256
광주광역시,대성LPG충전소,충전소,광주 북구 하서로176번길 18 (양산동),35.1923261,126.8783518
광주광역시,SK행복충전 광주개인택시조합엘피지충전소,충전소,광주 북구 하서로 576 (본촌동),35.2161276,126.8810041
광주광역시,디오충전소,충전소,광주 북구 빛고을대로 656 (용두동),35.1633056,126.8552532
광주광역시,풍암LPG충전소,충전소,광주 서구  회재로 766 (매월동),35.1183754,126.8466966
광주광역시,주식회사대동가스,충전소,광주 서구 회재로 779 (매월동),35.1159821,126.851636
광주광역시,목포도시가스(주)MC에너지,충전소,광주 서구 운천로 163,35.1465461,126.8558139
광주광역시,대양케미칼주유소/충전소,충전소,광주 서구 풍서좌로 255 (세하동),35.1273071,126.8417706
광주광역시,(유)남악 청기와충전소,충전소,광주 서구 내방로 363 (화정동),35.157605,126.8803948
